title,price,header,kw,sid,linkwithprice,productid,categoryId,desc
Viessmann Vitola 200 (18 kW),1210.25, Viessmann Vitola 200 (18 kW),"Öl-Heizkessel, Ölheizung, Niedertemperaturkessel / Montageart: Standkessel / Nennwärmeleistung: 18 kW / Energieträger: Öl / Norm-Nutzungsgrad: 96 % / verwendbar für: Heizungswasser / maximale Vorlauftemperatur: 100 °C / Wasserinhalt im Kessel: 49 Liter / Durchmesser des Abgasanschlusses: 130 mm / ...",9701,/preisvergleich/Relocate/451184957.html?categoryId=18406&pos=1&price=1210.25&productid=1064514&sid=9701&type=offer,1064514,18406, 
Viessmann Vitola 200 (18 kW),1323.0, Viessmann Vitola 200 (18 kW),"Öl-Heizkessel, Ölheizung, Niedertemperaturkessel / Montageart: Standkessel / Nennwärmeleistung: 18 kW / Energieträger: Öl / Norm-Nutzungsgrad: 96 % / verwendbar für: Heizungswasser / maximale Vorlauftemperatur: 100 °C / Wasserinhalt im Kessel: 49 Liter / Durchmesser des Abgasanschlusses: 130 mm / ...",9701,/preisvergleich/Relocate/536806651.html?categoryId=18406&pos=2&price=1323.0&productid=1064514&sid=9701&type=offer,1064514,18406, 
Viessmann Vitola 200 (18 kW),1499.6, Viessmann Vitola 200 (18 kW),"Öl-Heizkessel, Ölheizung, Niedertemperaturkessel / Montageart: Standkessel / Nennwärmeleistung: 18 kW / Energieträger: Öl / Norm-Nutzungsgrad: 96 % / verwendbar für: Heizungswasser / maximale Vorlauftemperatur: 100 °C / Wasserinhalt im Kessel: 49 Liter / Durchmesser des Abgasanschlusses: 130 mm / ...",293515,/preisvergleich/Relocate/574210950.html?categoryId=18406&pos=3&price=1499.6&productid=1064514&sid=293515&type=offer,1064514,18406, Viess­mann Vitola 200 mit 18 KW
Viessmann Vitola 200 (18 kW),1598.92, Viessmann Vitola 200 (18 kW),"Öl-Heizkessel, Ölheizung, Niedertemperaturkessel / Montageart: Standkessel / Nennwärmeleistung: 18 kW / Energieträger: Öl / Norm-Nutzungsgrad: 96 % / verwendbar für: Heizungswasser / maximale Vorlauftemperatur: 100 °C / Wasserinhalt im Kessel: 49 Liter / Durchmesser des Abgasanschlusses: 130 mm / ...",294528,/preisvergleich/Relocate/559969139.html?categoryId=18406&pos=4&price=1598.92&productid=1064514&sid=294528&type=offer,1064514,18406, Vitola 200 18 kW mit Vi­to­tro­nic 200 KO1B und Kes­sel­tür
Viessmann Vitola 200 (18 kW),2448.0, Viessmann Vitola 200 (18 kW),"Öl-Heizkessel, Ölheizung, Niedertemperaturkessel / Montageart: Standkessel / Nennwärmeleistung: 18 kW / Energieträger: Öl / Norm-Nutzungsgrad: 96 % / verwendbar für: Heizungswasser / maximale Vorlauftemperatur: 100 °C / Wasserinhalt im Kessel: 49 Liter / Durchmesser des Abgasanschlusses: 130 mm / ...",223861,/preisvergleich/Relocate/463226301.html?categoryId=18406&pos=5&price=2448.0&productid=1064514&sid=223861&type=offer,1064514,18406, Viess­mann Öl­kes­sel Vitola 200 18 kW Öl­hei­zung / Öl­heiz­kes­sel
Viessmann Vitola 200 (18 kW),2507.66, Viessmann Vitola 200 (18 kW),"Öl-Heizkessel, Ölheizung, Niedertemperaturkessel / Montageart: Standkessel / Nennwärmeleistung: 18 kW / Energieträger: Öl / Norm-Nutzungsgrad: 96 % / verwendbar für: Heizungswasser / maximale Vorlauftemperatur: 100 °C / Wasserinhalt im Kessel: 49 Liter / Durchmesser des Abgasanschlusses: 130 mm / ...",294528,/preisvergleich/Relocate/597054713.html?categoryId=18406&pos=6&price=2507.66&productid=1064514&sid=294528&type=offer,1064514,18406, Vitola 200 18KW mit Bren­ner Vit­of­lam­me 200 Vi­to­tro­nic 200
"Viessmann Vitorondens 200-T (20,2 kW)",3455.99," Viessmann Vitorondens 200-T (20,2 kW)","Öl-Brennwertkessel, Öl-Heizkessel, Ölheizung, Niedertemperaturkessel / Montageart: Standkessel / Nennwärmeleistung: 20,2 kW / Energieträger: Öl / Norm-Nutzungsgrad: 103 % / verwendbar für: Heizungswasser, Trinkwasser (externer Warmwasserspeicher), Solar Heizungsunterstützung / maximale ...",276812,/preisvergleich/Relocate/387844098.html?categoryId=18406&pos=1&price=3455.99&productid=2835975&sid=276812&type=offer,2835975,18406," Viess­mann Vi­to­ron­dens 200-T mit Vi­to­tro­nic 200 20,2 kW, raum­luft­ab­hän­gig"
Viessmann Vitola 200 (27 kW),1354.45, Viessmann Vitola 200 (27 kW),"Öl-Heizkessel, Ölheizung, Niedertemperaturkessel / Montageart: Standkessel / Nennwärmeleistung: 27 kW / Energieträger: Öl / Norm-Nutzungsgrad: 96 % / verwendbar für: Heizungswasser, Trinkwasser (externer Warmwasserspeicher) / maximale Vorlauftemperatur: 100 °C / Wasserinhalt im Kessel: 76 Liter / ...",9701,/preisvergleich/Relocate/451184119.html?categoryId=18406&pos=1&price=1354.45&productid=1238936&sid=9701&type=offer,1238936,18406, 
Viessmann Vitola 200 (18 kW),2938.0, Viessmann Vitola 200 (18 kW),"Öl-Heizkessel, Ölheizung, Niedertemperaturkessel / Montageart: Standkessel / Nennwärmeleistung: 18 kW / Energieträger: Öl / Norm-Nutzungsgrad: 96 % / verwendbar für: Heizungswasser / maximale Vorlauftemperatur: 100 °C / Wasserinhalt im Kessel: 49 Liter / Durchmesser des Abgasanschlusses: 130 mm / ...",223861,/preisvergleich/Relocate/287712790.html?categoryId=18406&pos=7&price=2938.0&productid=1064514&sid=223861&type=offer,1064514,18406, Viess­mann Öl­hei­zung Vitola 200 18 kW Öl­heiz­kes­sel
"Viessmann Vitorondens 200-T (20,2 kW)",3476.0," Viessmann Vitorondens 200-T (20,2 kW)","Öl-Brennwertkessel, Öl-Heizkessel, Ölheizung, Niedertemperaturkessel / Montageart: Standkessel / Nennwärmeleistung: 20,2 kW / Energieträger: Öl / Norm-Nutzungsgrad: 103 % / verwendbar für: Heizungswasser, Trinkwasser (externer Warmwasserspeicher), Solar Heizungsunterstützung / maximale ...",9701,/preisvergleich/Relocate/511176785.html?categoryId=18406&pos=2&price=3476.0&productid=2835975&sid=9701&type=offer,2835975,18406, 
Viessmann Vitola 200 (27 kW),1399.9, Viessmann Vitola 200 (27 kW),"Öl-Heizkessel, Ölheizung, Niedertemperaturkessel / Montageart: Standkessel / Nennwärmeleistung: 27 kW / Energieträger: Öl / Norm-Nutzungsgrad: 96 % / verwendbar für: Heizungswasser, Trinkwasser (externer Warmwasserspeicher) / maximale Vorlauftemperatur: 100 °C / Wasserinhalt im Kessel: 76 Liter / ...",294528,/preisvergleich/Relocate/559969142.html?categoryId=18406&pos=2&price=1399.9&productid=1238936&sid=294528&type=offer,1238936,18406, Vitola 200 27 kW mit Vi­to­tro­nic 100 KC2B und Kes­sel­tür
"Viessmann Vitorondens 200-T (24,6 kW)",3519.99," Viessmann Vitorondens 200-T (24,6 kW)","Öl-Brennwertkessel, Öl-Heizkessel, Ölheizung, Niedertemperaturkessel / Montageart: Standkessel / Nennwärmeleistung: 24,6 kW / Energieträger: Öl / Norm-Nutzungsgrad: 103 % / verwendbar für: Heizungswasser, Trinkwasser (externer Warmwasserspeicher), Solar Heizungsunterstützung / maximale ...",276812,/preisvergleich/Relocate/387840247.html?categoryId=18406&pos=1&price=3519.99&productid=2835996&sid=276812&type=offer,2835996,18406," Viess­mann Vi­to­ron­dens 200-T mit Vi­to­tro­nic 200 24,6 kW, raum­luft­ab­hän­gig"
"Viessmann Vitorondens 200-T (20,2 kW)",3539.0," Viessmann Vitorondens 200-T (20,2 kW)","Öl-Brennwertkessel, Öl-Heizkessel, Ölheizung, Niedertemperaturkessel / Montageart: Standkessel / Nennwärmeleistung: 20,2 kW / Energieträger: Öl / Norm-Nutzungsgrad: 103 % / verwendbar für: Heizungswasser, Trinkwasser (externer Warmwasserspeicher), Solar Heizungsunterstützung / maximale ...",9701,/preisvergleich/Relocate/511176755.html?categoryId=18406&pos=3&price=3539.0&productid=2835975&sid=9701&type=offer,2835975,18406, 
Viessmann Vitola 200 (27 kW),1480.0, Viessmann Vitola 200 (27 kW),"Öl-Heizkessel, Ölheizung, Niedertemperaturkessel / Montageart: Standkessel / Nennwärmeleistung: 27 kW / Energieträger: Öl / Norm-Nutzungsgrad: 96 % / verwendbar für: Heizungswasser, Trinkwasser (externer Warmwasserspeicher) / maximale Vorlauftemperatur: 100 °C / Wasserinhalt im Kessel: 76 Liter / ...",9701,/preisvergleich/Relocate/536806649.html?categoryId=18406&pos=3&price=1480.0&productid=1238936&sid=9701&type=offer,1238936,18406, 
Buderus Logano G125 BE Eco-17,2142.0, Buderus Logano G125 BE Eco-17,"Öl-Heizkessel, Ölheizung, Niedertemperaturkessel / Montageart: Standkessel / Nennwärmeleistung: 17 kW / Energieträger: Öl, Bio-Heizöl / Norm-Nutzungsgrad: 96 % / verwendbar für: Heizungswasser, Trinkwasser (externer Warmwasserspeicher) / maximale Vorlauftemperatur: 100 °C / Durchmesser des ...",9701,/preisvergleich/Relocate/513765152.html?categoryId=18406&pos=1&price=2142.0&productid=1083713&sid=9701&type=offer,1083713,18406, 
"Viessmann Vitorondens 200-T (24,6 kW)",3611.0," Viessmann Vitorondens 200-T (24,6 kW)","Öl-Brennwertkessel, Öl-Heizkessel, Ölheizung, Niedertemperaturkessel / Montageart: Standkessel / Nennwärmeleistung: 24,6 kW / Energieträger: Öl / Norm-Nutzungsgrad: 103 % / verwendbar für: Heizungswasser, Trinkwasser (externer Warmwasserspeicher), Solar Heizungsunterstützung / maximale ...",9701,/preisvergleich/Relocate/444524187.html?categoryId=18406&pos=2&price=3611.0&productid=2835996&sid=9701&type=offer,2835996,18406, 
"Viessmann Vitorondens 200-T (20,2 kW)",3564.99," Viessmann Vitorondens 200-T (20,2 kW)","Öl-Brennwertkessel, Öl-Heizkessel, Ölheizung, Niedertemperaturkessel / Montageart: Standkessel / Nennwärmeleistung: 20,2 kW / Energieträger: Öl / Norm-Nutzungsgrad: 103 % / verwendbar für: Heizungswasser, Trinkwasser (externer Warmwasserspeicher), Solar Heizungsunterstützung / maximale ...",276812,/preisvergleich/Relocate/387843682.html?categoryId=18406&pos=4&price=3564.99&productid=2835975&sid=276812&type=offer,2835975,18406," Viess­mann Vi­to­ron­dens 200-T mit Vi­to­tro­nic 200 20,2 kW, par­al­lel raum­luft­un­ab­hän­gig"
Viessmann Vitola 200 (27 kW),1565.8, Viessmann Vitola 200 (27 kW),"Öl-Heizkessel, Ölheizung, Niedertemperaturkessel / Montageart: Standkessel / Nennwärmeleistung: 27 kW / Energieträger: Öl / Norm-Nutzungsgrad: 96 % / verwendbar für: Heizungswasser, Trinkwasser (externer Warmwasserspeicher) / maximale Vorlauftemperatur: 100 °C / Wasserinhalt im Kessel: 76 Liter / ...",293515,/preisvergleich/Relocate/574210261.html?categoryId=18406&pos=4&price=1565.8&productid=1238936&sid=293515&type=offer,1238936,18406, Viess­mann Vitola 200 mit 27 KW
Buderus Logano G125 Eco,1315.0, Buderus Logano G125 Eco,"Öl-Heizkessel, Ölheizung, Gasheizung, Niedertemperaturkessel, Gas-Heizkessel / Montageart: Standkessel / Energieträger: Erdgas, Öl / verwendbar für: Heizungswasser, Trinkwasser (externer Warmwasserspeicher) / maximale Vorlauftemperatur: 100 °C / max. Betriebsdruck Heizwasser: 4 bar / max. ...",9701,/preisvergleich/Relocate/438870372.html?categoryId=18406&pos=1&price=1315.0&productid=2907011&sid=9701&type=offer,2907011,18406, 
Buderus Logano G125 BE Eco,2142.0, Buderus Logano G125 BE Eco,"Öl-Heizkessel, Ölheizung, Niedertemperaturkessel / Montageart: Standkessel / Energieträger: Öl, Bio-Heizöl / Norm-Nutzungsgrad: 96 % / verwendbar für: Heizungswasser, Trinkwasser (externer Warmwasserspeicher) / maximale Vorlauftemperatur: 100 °C / Durchmesser des Abgasanschlusses: 130 mm / max. ...",9701,/preisvergleich/Relocate/513765152.html?categoryId=18406&pos=1&price=2142.0&productid=2907001&sid=9701&type=offer,2907001,18406, 
Buderus Logano G125 BE Eco-17,2142.0, Buderus Logano G125 BE Eco-17,"Öl-Heizkessel, Ölheizung, Niedertemperaturkessel / Montageart: Standkessel / Nennwärmeleistung: 17 kW / Energieträger: Öl, Bio-Heizöl / Norm-Nutzungsgrad: 96 % / verwendbar für: Heizungswasser, Trinkwasser (externer Warmwasserspeicher) / maximale Vorlauftemperatur: 100 °C / Durchmesser des ...",9701,/preisvergleich/Relocate/441265494.html?categoryId=18406&pos=2&price=2142.0&productid=1083713&sid=9701&type=offer,1083713,18406, 
"Viessmann Vitorondens 200-T (24,6 kW)",3611.0," Viessmann Vitorondens 200-T (24,6 kW)","Öl-Brennwertkessel, Öl-Heizkessel, Ölheizung, Niedertemperaturkessel / Montageart: Standkessel / Nennwärmeleistung: 24,6 kW / Energieträger: Öl / Norm-Nutzungsgrad: 103 % / verwendbar für: Heizungswasser, Trinkwasser (externer Warmwasserspeicher), Solar Heizungsunterstützung / maximale ...",9701,/preisvergleich/Relocate/445626783.html?categoryId=18406&pos=3&price=3611.0&productid=2835996&sid=9701&type=offer,2835996,18406, 
"Viessmann Vitorondens 200-T (20,2 kW)",3564.99," Viessmann Vitorondens 200-T (20,2 kW)","Öl-Brennwertkessel, Öl-Heizkessel, Ölheizung, Niedertemperaturkessel / Montageart: Standkessel / Nennwärmeleistung: 20,2 kW / Energieträger: Öl / Norm-Nutzungsgrad: 103 % / verwendbar für: Heizungswasser, Trinkwasser (externer Warmwasserspeicher), Solar Heizungsunterstützung / maximale ...",276812,/preisvergleich/Relocate/387843754.html?categoryId=18406&pos=5&price=3564.99&productid=2835975&sid=276812&type=offer,2835975,18406," Viess­mann Vi­to­ron­dens 200-T mit Vi­to­tro­nic 200 20,2 kW, ko­axi­al raum­luft­un­ab­hän­gig senk­recht"
Viessmann Vitola 200 (27 kW),2541.87, Viessmann Vitola 200 (27 kW),"Öl-Heizkessel, Ölheizung, Niedertemperaturkessel / Montageart: Standkessel / Nennwärmeleistung: 27 kW / Energieträger: Öl / Norm-Nutzungsgrad: 96 % / verwendbar für: Heizungswasser, Trinkwasser (externer Warmwasserspeicher) / maximale Vorlauftemperatur: 100 °C / Wasserinhalt im Kessel: 76 Liter / ...",294528,/preisvergleich/Relocate/559969137.html?categoryId=18406&pos=5&price=2541.87&productid=1238936&sid=294528&type=offer,1238936,18406, Öl­heiz­kes­sel mit Ge­blä­se­bren­ner 27 kW m. Vi­to­tro­nic 200 KO1B + Vit­of­la­me 200
Buderus Logano G125 Eco,1315.0, Buderus Logano G125 Eco,"Öl-Heizkessel, Ölheizung, Gasheizung, Niedertemperaturkessel, Gas-Heizkessel / Montageart: Standkessel / Energieträger: Erdgas, Öl / verwendbar für: Heizungswasser, Trinkwasser (externer Warmwasserspeicher) / maximale Vorlauftemperatur: 100 °C / max. Betriebsdruck Heizwasser: 4 bar / max. ...",9701,/preisvergleich/Relocate/602463217.html?categoryId=18406&pos=2&price=1315.0&productid=2907011&sid=9701&type=offer,2907011,18406, 
Buderus Logano G125 BE Eco,2142.0, Buderus Logano G125 BE Eco,"Öl-Heizkessel, Ölheizung, Niedertemperaturkessel / Montageart: Standkessel / Energieträger: Öl, Bio-Heizöl / Norm-Nutzungsgrad: 96 % / verwendbar für: Heizungswasser, Trinkwasser (externer Warmwasserspeicher) / maximale Vorlauftemperatur: 100 °C / Durchmesser des Abgasanschlusses: 130 mm / max. ...",9701,/preisvergleich/Relocate/441265494.html?categoryId=18406&pos=2&price=2142.0&productid=2907001&sid=9701&type=offer,2907001,18406, 
Viessmann Vitogas 200-F (29 kW),1433.0, Viessmann Vitogas 200-F (29 kW),"Gasheizung, Niedertemperaturkessel, Gas-Heizkessel, Kombikessel / Montageart: Standkessel / Nennwärmeleistung: 22 kW / Energieträger: Erdgas, Erdgas E, Flüssiggas, Erdgas LL / Norm-Nutzungsgrad: 93 % / verwendbar für: Heizungswasser / maximale Vorlauftemperatur: 80 °C / Wasserinhalt im Kessel: 12 ...",9701,/preisvergleich/Relocate/443754871.html?categoryId=18406&pos=1&price=1433.0&productid=1321263&sid=9701&type=offer,1321263,18406, 
Buderus Logano G125 BE Eco-17,2398.48, Buderus Logano G125 BE Eco-17,"Öl-Heizkessel, Ölheizung, Niedertemperaturkessel / Montageart: Standkessel / Nennwärmeleistung: 17 kW / Energieträger: Öl, Bio-Heizöl / Norm-Nutzungsgrad: 96 % / verwendbar für: Heizungswasser, Trinkwasser (externer Warmwasserspeicher) / maximale Vorlauftemperatur: 100 °C / Durchmesser des ...",12041,/preisvergleich/Relocate/525668657.html?categoryId=18406&pos=3&price=2398.48&productid=1083713&sid=12041&type=offer,1083713,18406, 
"Viessmann Vitorondens 200-T (24,6 kW)",3629.99," Viessmann Vitorondens 200-T (24,6 kW)","Öl-Brennwertkessel, Öl-Heizkessel, Ölheizung, Niedertemperaturkessel / Montageart: Standkessel / Nennwärmeleistung: 24,6 kW / Energieträger: Öl / Norm-Nutzungsgrad: 103 % / verwendbar für: Heizungswasser, Trinkwasser (externer Warmwasserspeicher), Solar Heizungsunterstützung / maximale ...",276812,/preisvergleich/Relocate/387844136.html?categoryId=18406&pos=4&price=3629.99&productid=2835996&sid=276812&type=offer,2835996,18406," Viess­mann Vi­to­ron­dens 200-T mit Vi­to­tro­nic 200 24,6 kW, ko­axi­al raum­luft­un­ab­hän­gig senk­recht"
"Viessmann Vitorondens 200-T (20,2 kW)",3586.99," Viessmann Vitorondens 200-T (20,2 kW)","Öl-Brennwertkessel, Öl-Heizkessel, Ölheizung, Niedertemperaturkessel / Montageart: Standkessel / Nennwärmeleistung: 20,2 kW / Energieträger: Öl / Norm-Nutzungsgrad: 103 % / verwendbar für: Heizungswasser, Trinkwasser (externer Warmwasserspeicher), Solar Heizungsunterstützung / maximale ...",276812,/preisvergleich/Relocate/387844203.html?categoryId=18406&pos=6&price=3586.99&productid=2835975&sid=276812&type=offer,2835975,18406," Viess­mann Vi­to­ron­dens 200-T mit Vi­to­tro­nic 200 20,2 kW, ko­axi­al raum­luft­un­ab­hän­gig waa­ge­recht"
Viessmann Vitola 200 (27 kW),2628.0, Viessmann Vitola 200 (27 kW),"Öl-Heizkessel, Ölheizung, Niedertemperaturkessel / Montageart: Standkessel / Nennwärmeleistung: 27 kW / Energieträger: Öl / Norm-Nutzungsgrad: 96 % / verwendbar für: Heizungswasser, Trinkwasser (externer Warmwasserspeicher) / maximale Vorlauftemperatur: 100 °C / Wasserinhalt im Kessel: 76 Liter / ...",223861,/preisvergleich/Relocate/287712240.html?categoryId=18406&pos=6&price=2628.0&productid=1238936&sid=223861&type=offer,1238936,18406, Viess­mann Öl­kes­sel Vitola 200 27 kW Öl­hei­zung / Öl­heiz­kes­sel
Buderus Logano G125 Eco,1457.62, Buderus Logano G125 Eco,"Öl-Heizkessel, Ölheizung, Gasheizung, Niedertemperaturkessel, Gas-Heizkessel / Montageart: Standkessel / Energieträger: Erdgas, Öl / verwendbar für: Heizungswasser, Trinkwasser (externer Warmwasserspeicher) / maximale Vorlauftemperatur: 100 °C / max. Betriebsdruck Heizwasser: 4 bar / max. ...",12041,/preisvergleich/Relocate/255747778.html?categoryId=18406&pos=3&price=1457.62&productid=2907011&sid=12041&type=offer,2907011,18406, 
Buderus Logano G125 BE Eco,2398.48, Buderus Logano G125 BE Eco,"Öl-Heizkessel, Ölheizung, Niedertemperaturkessel / Montageart: Standkessel / Energieträger: Öl, Bio-Heizöl / Norm-Nutzungsgrad: 96 % / verwendbar für: Heizungswasser, Trinkwasser (externer Warmwasserspeicher) / maximale Vorlauftemperatur: 100 °C / Durchmesser des Abgasanschlusses: 130 mm / max. ...",12041,/preisvergleich/Relocate/525668657.html?categoryId=18406&pos=3&price=2398.48&productid=2907001&sid=12041&type=offer,2907001,18406, 
Viessmann Vitogas 200-F (29 kW),1433.0, Viessmann Vitogas 200-F (29 kW),"Gasheizung, Niedertemperaturkessel, Gas-Heizkessel, Kombikessel / Montageart: Standkessel / Nennwärmeleistung: 22 kW / Energieträger: Erdgas, Erdgas E, Flüssiggas, Erdgas LL / Norm-Nutzungsgrad: 93 % / verwendbar für: Heizungswasser / maximale Vorlauftemperatur: 80 °C / Wasserinhalt im Kessel: 12 ...",9701,/preisvergleich/Relocate/444045605.html?categoryId=18406&pos=2&price=1433.0&productid=1321263&sid=9701&type=offer,1321263,18406, 
Buderus Logano G125 BE Eco-17,2492.41, Buderus Logano G125 BE Eco-17,"Öl-Heizkessel, Ölheizung, Niedertemperaturkessel / Montageart: Standkessel / Nennwärmeleistung: 17 kW / Energieträger: Öl, Bio-Heizöl / Norm-Nutzungsgrad: 96 % / verwendbar für: Heizungswasser, Trinkwasser (externer Warmwasserspeicher) / maximale Vorlauftemperatur: 100 °C / Durchmesser des ...",299105,/preisvergleich/Relocate/528132534.html?categoryId=18406&pos=4&price=2492.41&productid=1083713&sid=299105&type=offer,1083713,18406," Bu­de­rus Logano G125-17 BE Eco,2107M"
"Viessmann Vitorondens 200-T (24,6 kW)",3629.99," Viessmann Vitorondens 200-T (24,6 kW)","Öl-Brennwertkessel, Öl-Heizkessel, Ölheizung, Niedertemperaturkessel / Montageart: Standkessel / Nennwärmeleistung: 24,6 kW / Energieträger: Öl / Norm-Nutzungsgrad: 103 % / verwendbar für: Heizungswasser, Trinkwasser (externer Warmwasserspeicher), Solar Heizungsunterstützung / maximale ...",276812,/preisvergleich/Relocate/387843534.html?categoryId=18406&pos=5&price=3629.99&productid=2835996&sid=276812&type=offer,2835996,18406," Viess­mann Vi­to­ron­dens 200-T mit Vi­to­tro­nic 200 24,6 kW, par­al­lel raum­luft­un­ab­hän­gig"
"Viessmann Vitorondens 200-T (20,2 kW)",3899.0," Viessmann Vitorondens 200-T (20,2 kW)","Öl-Brennwertkessel, Öl-Heizkessel, Ölheizung, Niedertemperaturkessel / Montageart: Standkessel / Nennwärmeleistung: 20,2 kW / Energieträger: Öl / Norm-Nutzungsgrad: 103 % / verwendbar für: Heizungswasser, Trinkwasser (externer Warmwasserspeicher), Solar Heizungsunterstützung / maximale ...",12041,/preisvergleich/Relocate/469069555.html?categoryId=18406&pos=7&price=3899.0&productid=2835975&sid=12041&type=offer,2835975,18406, 
Viessmann Vitola 200 (27 kW),3118.0, Viessmann Vitola 200 (27 kW),"Öl-Heizkessel, Ölheizung, Niedertemperaturkessel / Montageart: Standkessel / Nennwärmeleistung: 27 kW / Energieträger: Öl / Norm-Nutzungsgrad: 96 % / verwendbar für: Heizungswasser, Trinkwasser (externer Warmwasserspeicher) / maximale Vorlauftemperatur: 100 °C / Wasserinhalt im Kessel: 76 Liter / ...",223861,/preisvergleich/Relocate/287712491.html?categoryId=18406&pos=7&price=3118.0&productid=1238936&sid=223861&type=offer,1238936,18406, Viess­mann Öl­hei­zung Vitola 200 27 kW Öl­heiz­kes­sel
Buderus Logano G125 Eco,1536.6, Buderus Logano G125 Eco,"Öl-Heizkessel, Ölheizung, Gasheizung, Niedertemperaturkessel, Gas-Heizkessel / Montageart: Standkessel / Energieträger: Erdgas, Öl / verwendbar für: Heizungswasser, Trinkwasser (externer Warmwasserspeicher) / maximale Vorlauftemperatur: 100 °C / max. Betriebsdruck Heizwasser: 4 bar / max. ...",12041,/preisvergleich/Relocate/599277786.html?categoryId=18406&pos=4&price=1536.6&productid=2907011&sid=12041&type=offer,2907011,18406, 
Buderus Logano G125 BE Eco,2492.41, Buderus Logano G125 BE Eco,"Öl-Heizkessel, Ölheizung, Niedertemperaturkessel / Montageart: Standkessel / Energieträger: Öl, Bio-Heizöl / Norm-Nutzungsgrad: 96 % / verwendbar für: Heizungswasser, Trinkwasser (externer Warmwasserspeicher) / maximale Vorlauftemperatur: 100 °C / Durchmesser des Abgasanschlusses: 130 mm / max. ...",299105,/preisvergleich/Relocate/528132534.html?categoryId=18406&pos=4&price=2492.41&productid=2907001&sid=299105&type=offer,2907001,18406," Bu­de­rus Logano G125-17 BE Eco,2107M"
Viessmann Vitogas 200-F (29 kW),1442.28, Viessmann Vitogas 200-F (29 kW),"Gasheizung, Niedertemperaturkessel, Gas-Heizkessel, Kombikessel / Montageart: Standkessel / Nennwärmeleistung: 22 kW / Energieträger: Erdgas, Erdgas E, Flüssiggas, Erdgas LL / Norm-Nutzungsgrad: 93 % / verwendbar für: Heizungswasser / maximale Vorlauftemperatur: 80 °C / Wasserinhalt im Kessel: 12 ...",297223,/preisvergleich/Relocate/588971761.html?categoryId=18406&pos=3&price=1442.28&productid=1321263&sid=297223&type=offer,1321263,18406, VIESS­MANN GS21330 Vi­to­gas 200-F 29 kW für Erdgas E
Buderus Logano G125 BE Eco-17,9440.0, Buderus Logano G125 BE Eco-17,"Öl-Heizkessel, Ölheizung, Niedertemperaturkessel / Montageart: Standkessel / Nennwärmeleistung: 17 kW / Energieträger: Öl, Bio-Heizöl / Norm-Nutzungsgrad: 96 % / verwendbar für: Heizungswasser, Trinkwasser (externer Warmwasserspeicher) / maximale Vorlauftemperatur: 100 °C / Durchmesser des ...",12041,/preisvergleich/Relocate/255747505.html?categoryId=18406&pos=5&price=9440.0&productid=1083713&sid=12041&type=offer,1083713,18406, 
"Viessmann Vitorondens 200-T (24,6 kW)",3649.99," Viessmann Vitorondens 200-T (24,6 kW)","Öl-Brennwertkessel, Öl-Heizkessel, Ölheizung, Niedertemperaturkessel / Montageart: Standkessel / Nennwärmeleistung: 24,6 kW / Energieträger: Öl / Norm-Nutzungsgrad: 103 % / verwendbar für: Heizungswasser, Trinkwasser (externer Warmwasserspeicher), Solar Heizungsunterstützung / maximale ...",276812,/preisvergleich/Relocate/387844043.html?categoryId=18406&pos=6&price=3649.99&productid=2835996&sid=276812&type=offer,2835996,18406," Viess­mann Vi­to­ron­dens 200-T mit Vi­to­tro­nic 200 24,6 kW, ko­axi­al raum­luft­un­ab­hän­gig waa­ge­recht"
Viessmann Vitola 200 (22 kW),1302.95, Viessmann Vitola 200 (22 kW),"Öl-Heizkessel, Ölheizung, Niedertemperaturkessel / Montageart: Standkessel / Nennwärmeleistung: 22 kW / Energieträger: Öl / Norm-Nutzungsgrad: 96 % / verwendbar für: Heizungswasser, Trinkwasser (externer Warmwasserspeicher) / maximale Vorlauftemperatur: 100 °C / Wasserinhalt im Kessel: 61 Liter / ...",9701,/preisvergleich/Relocate/558061851.html?categoryId=18406&pos=1&price=1302.95&productid=1238931&sid=9701&type=offer,1238931,18406, 
"Viessmann Vitorondens 200-T (28,9 kW)",3585.99," Viessmann Vitorondens 200-T (28,9 kW)","Öl-Brennwertkessel, Öl-Heizkessel, Ölheizung, Niedertemperaturkessel / Montageart: Standkessel / Nennwärmeleistung: 28,9 kW / Energieträger: Öl / Norm-Nutzungsgrad: 103 % / verwendbar für: Heizungswasser, Trinkwasser (externer Warmwasserspeicher), Solar Heizungsunterstützung / maximale ...",276812,/preisvergleich/Relocate/387840318.html?categoryId=18406&pos=1&price=3585.99&productid=2835997&sid=276812&type=offer,2835997,18406," Viess­mann Vi­to­ron­dens 200-T mit Vi­to­tro­nic 200 28,9 kW, raum­luft­ab­hän­gig"
"Viessmann Vitorondens 200-T (20,2 kW)",4354.0," Viessmann Vitorondens 200-T (20,2 kW)","Öl-Brennwertkessel, Öl-Heizkessel, Ölheizung, Niedertemperaturkessel / Montageart: Standkessel / Nennwärmeleistung: 20,2 kW / Energieträger: Öl / Norm-Nutzungsgrad: 103 % / verwendbar für: Heizungswasser, Trinkwasser (externer Warmwasserspeicher), Solar Heizungsunterstützung / maximale ...",254469,/preisvergleich/Relocate/557839965.html?categoryId=18406&pos=8&price=4354.0&productid=2835975&sid=254469&type=offer,2835975,18406, Viess­mann Vi­to­ron­dens 200 T 20kw Öl Brenn­wert Kessel Set­BR2A228 keine Heiz­ther­me
Buderus Logano G125 Eco,1751.81, Buderus Logano G125 Eco,"Öl-Heizkessel, Ölheizung, Gasheizung, Niedertemperaturkessel, Gas-Heizkessel / Montageart: Standkessel / Energieträger: Erdgas, Öl / verwendbar für: Heizungswasser, Trinkwasser (externer Warmwasserspeicher) / maximale Vorlauftemperatur: 100 °C / max. Betriebsdruck Heizwasser: 4 bar / max. ...",299105,/preisvergleich/Relocate/528132354.html?categoryId=18406&pos=5&price=1751.81&productid=2907011&sid=299105&type=offer,2907011,18406," Bu­de­rus Logano G125-21 Eco, 2107M"
Buderus Logano G125 BE Eco,2500.0, Buderus Logano G125 BE Eco,"Öl-Heizkessel, Ölheizung, Niedertemperaturkessel / Montageart: Standkessel / Energieträger: Öl, Bio-Heizöl / Norm-Nutzungsgrad: 96 % / verwendbar für: Heizungswasser, Trinkwasser (externer Warmwasserspeicher) / maximale Vorlauftemperatur: 100 °C / Durchmesser des Abgasanschlusses: 130 mm / max. ...",12041,/preisvergleich/Relocate/255747743.html?categoryId=18406&pos=5&price=2500.0&productid=2907001&sid=12041&type=offer,2907001,18406, 
Viessmann Vitogas 200-F (29 kW),1442.28, Viessmann Vitogas 200-F (29 kW),"Gasheizung, Niedertemperaturkessel, Gas-Heizkessel, Kombikessel / Montageart: Standkessel / Nennwärmeleistung: 22 kW / Energieträger: Erdgas, Erdgas E, Flüssiggas, Erdgas LL / Norm-Nutzungsgrad: 93 % / verwendbar für: Heizungswasser / maximale Vorlauftemperatur: 80 °C / Wasserinhalt im Kessel: 12 ...",297223,/preisvergleich/Relocate/588972065.html?categoryId=18406&pos=4&price=1442.28&productid=1321263&sid=297223&type=offer,1321263,18406, VIESS­MANN GS21339 Vi­to­gas 200-F 29 kW für Erdgas LL
"Viessmann Vitorondens 200-T (24,6 kW)",4503.99," Viessmann Vitorondens 200-T (24,6 kW)","Öl-Brennwertkessel, Öl-Heizkessel, Ölheizung, Niedertemperaturkessel / Montageart: Standkessel / Nennwärmeleistung: 24,6 kW / Energieträger: Öl / Norm-Nutzungsgrad: 103 % / verwendbar für: Heizungswasser, Trinkwasser (externer Warmwasserspeicher), Solar Heizungsunterstützung / maximale ...",276812,/preisvergleich/Relocate/427057887.html?categoryId=18406&pos=7&price=4503.99&productid=2835996&sid=276812&type=offer,2835996,18406," Viess­mann Paket Vi­to­ron­dens 200-T 24,6 kW ohne Mis"
Viessmann Vitola 200 (22 kW),1428.0, Viessmann Vitola 200 (22 kW),"Öl-Heizkessel, Ölheizung, Niedertemperaturkessel / Montageart: Standkessel / Nennwärmeleistung: 22 kW / Energieträger: Öl / Norm-Nutzungsgrad: 96 % / verwendbar für: Heizungswasser, Trinkwasser (externer Warmwasserspeicher) / maximale Vorlauftemperatur: 100 °C / Wasserinhalt im Kessel: 61 Liter / ...",9701,/preisvergleich/Relocate/536806625.html?categoryId=18406&pos=2&price=1428.0&productid=1238931&sid=9701&type=offer,1238931,18406, 
"Viessmann Vitorondens 200-T (28,9 kW)",3679.0," Viessmann Vitorondens 200-T (28,9 kW)","Öl-Brennwertkessel, Öl-Heizkessel, Ölheizung, Niedertemperaturkessel / Montageart: Standkessel / Nennwärmeleistung: 28,9 kW / Energieträger: Öl / Norm-Nutzungsgrad: 103 % / verwendbar für: Heizungswasser, Trinkwasser (externer Warmwasserspeicher), Solar Heizungsunterstützung / maximale ...",9701,/preisvergleich/Relocate/445627142.html?categoryId=18406&pos=2&price=3679.0&productid=2835997&sid=9701&type=offer,2835997,18406, 
Buderus Logano G125 BE Eco-21,2223.0, Buderus Logano G125 BE Eco-21,"Öl-Heizkessel, Ölheizung, Niedertemperaturkessel / Montageart: Standkessel / Nennwärmeleistung: 21 kW / Energieträger: Öl, Bio-Heizöl / Norm-Nutzungsgrad: 96 % / verwendbar für: Heizungswasser, Trinkwasser (externer Warmwasserspeicher) / maximale Vorlauftemperatur: 100 °C / Durchmesser des ...",9701,/preisvergleich/Relocate/445626661.html?categoryId=18406&pos=1&price=2223.0&productid=1217965&sid=9701&type=offer,1217965,18406, 
Viessmann Vitopend 200-W Kombi (24 kW),2075.0, Viessmann Vitopend 200-W Kombi (24 kW),"Gasheizung, Gastherme, Kombitherme, Niedertemperaturkessel, Gas-Heizkessel, Kombikessel / Montageart: Wandkessel / Nennwärmeleistung: 24 kW / Energieträger: Erdgas, Erdgas E, Flüssiggas, Erdgas LL / Norm-Nutzungsgrad: 94 % / verwendbar für: Heizungswasser, Trinkwasser (Durchlauferhitzer-Prinzip) / ...",9701,/preisvergleich/Relocate/440794245.html?categoryId=18406&pos=1&price=2075.0&productid=1233483&sid=9701&type=offer,1233483,18406, 
"Viessmann Vitorondens 200-T (20,2 kW)",4443.99," Viessmann Vitorondens 200-T (20,2 kW)","Öl-Brennwertkessel, Öl-Heizkessel, Ölheizung, Niedertemperaturkessel / Montageart: Standkessel / Nennwärmeleistung: 20,2 kW / Energieträger: Öl / Norm-Nutzungsgrad: 103 % / verwendbar für: Heizungswasser, Trinkwasser (externer Warmwasserspeicher), Solar Heizungsunterstützung / maximale ...",276812,/preisvergleich/Relocate/427057837.html?categoryId=18406&pos=9&price=4443.99&productid=2835975&sid=276812&type=offer,2835975,18406," Viess­mann Paket Vi­to­ron­dens 200-T 20,2 kW ohne Mis"
Buderus Logano G125 Eco,1798.1, Buderus Logano G125 Eco,"Öl-Heizkessel, Ölheizung, Gasheizung, Niedertemperaturkessel, Gas-Heizkessel / Montageart: Standkessel / Energieträger: Erdgas, Öl / verwendbar für: Heizungswasser, Trinkwasser (externer Warmwasserspeicher) / maximale Vorlauftemperatur: 100 °C / max. Betriebsdruck Heizwasser: 4 bar / max. ...",299105,/preisvergleich/Relocate/528132734.html?categoryId=18406&pos=6&price=1798.1&productid=2907011&sid=299105&type=offer,2907011,18406," Bu­de­rus Logano G125-28 Eco, 2107M"
Buderus Logano G125 BE Eco,2570.76, Buderus Logano G125 BE Eco,"Öl-Heizkessel, Ölheizung, Niedertemperaturkessel / Montageart: Standkessel / Energieträger: Öl, Bio-Heizöl / Norm-Nutzungsgrad: 96 % / verwendbar für: Heizungswasser, Trinkwasser (externer Warmwasserspeicher) / maximale Vorlauftemperatur: 100 °C / Durchmesser des Abgasanschlusses: 130 mm / max. ...",299105,/preisvergleich/Relocate/528132590.html?categoryId=18406&pos=6&price=2570.76&productid=2907001&sid=299105&type=offer,2907001,18406," Bu­de­rus Logano G125-21 BE Eco,2107M"
Viessmann Vitogas 200-F (29 kW),1621.69, Viessmann Vitogas 200-F (29 kW),"Gasheizung, Niedertemperaturkessel, Gas-Heizkessel, Kombikessel / Montageart: Standkessel / Nennwärmeleistung: 22 kW / Energieträger: Erdgas, Erdgas E, Flüssiggas, Erdgas LL / Norm-Nutzungsgrad: 93 % / verwendbar für: Heizungswasser / maximale Vorlauftemperatur: 80 °C / Wasserinhalt im Kessel: 12 ...",294528,/preisvergleich/Relocate/559986124.html?categoryId=18406&pos=5&price=1621.69&productid=1321263&sid=294528&type=offer,1321263,18406, Vi­to­gas 200-F 29kW Erdgas E mit Vi­to­tro­nic 100 KC4B
"Viessmann Vitorondens 200-T (24,6 kW)",4754.99," Viessmann Vitorondens 200-T (24,6 kW)","Öl-Brennwertkessel, Öl-Heizkessel, Ölheizung, Niedertemperaturkessel / Montageart: Standkessel / Nennwärmeleistung: 24,6 kW / Energieträger: Öl / Norm-Nutzungsgrad: 103 % / verwendbar für: Heizungswasser, Trinkwasser (externer Warmwasserspeicher), Solar Heizungsunterstützung / maximale ...",276812,/preisvergleich/Relocate/427057824.html?categoryId=18406&pos=8&price=4754.99&productid=2835996&sid=276812&type=offer,2835996,18406," Viess­mann Paket Vi­to­ron­dens 200-T 24,6 kW mit Misc"
Viessmann Vitola 200 (22 kW),1580.9, Viessmann Vitola 200 (22 kW),"Öl-Heizkessel, Ölheizung, Niedertemperaturkessel / Montageart: Standkessel / Nennwärmeleistung: 22 kW / Energieträger: Öl / Norm-Nutzungsgrad: 96 % / verwendbar für: Heizungswasser, Trinkwasser (externer Warmwasserspeicher) / maximale Vorlauftemperatur: 100 °C / Wasserinhalt im Kessel: 61 Liter / ...",293515,/preisvergleich/Relocate/574211126.html?categoryId=18406&pos=3&price=1580.9&productid=1238931&sid=293515&type=offer,1238931,18406, Viess­mann Vitola 200 mit 22 KW
"Viessmann Vitorondens 200-T (28,9 kW)",3696.99," Viessmann Vitorondens 200-T (28,9 kW)","Öl-Brennwertkessel, Öl-Heizkessel, Ölheizung, Niedertemperaturkessel / Montageart: Standkessel / Nennwärmeleistung: 28,9 kW / Energieträger: Öl / Norm-Nutzungsgrad: 103 % / verwendbar für: Heizungswasser, Trinkwasser (externer Warmwasserspeicher), Solar Heizungsunterstützung / maximale ...",276812,/preisvergleich/Relocate/387843639.html?categoryId=18406&pos=3&price=3696.99&productid=2835997&sid=276812&type=offer,2835997,18406," Viess­mann Vi­to­ron­dens 200-T mit Vi­to­tro­nic 200 28,9 kW, ko­axi­al raum­luft­un­ab­hän­gig senk­recht"
Viessmann Vitogas 200-F Erdgas E/H (29 kW),1433.0, Viessmann Vitogas 200-F Erdgas E/H (29 kW),"Gasheizung, Niedertemperaturkessel, Gas-Heizkessel, Kombikessel / Montageart: Standkessel / Nennwärmeleistung: 22 kW / Energieträger: Erdgas, Erdgas E, Erdgas H / Norm-Nutzungsgrad: 93 % / verwendbar für: Heizungswasser / maximale Vorlauftemperatur: 80 °C / Wasserinhalt im Kessel: 12 Liter / ...",9701,/preisvergleich/Relocate/444045605.html?categoryId=18406&pos=1&price=1433.0&productid=3942600&sid=9701&type=offer,3942600,18406, 
Buderus Logano G125 BE Eco-21,2558.86, Buderus Logano G125 BE Eco-21,"Öl-Heizkessel, Ölheizung, Niedertemperaturkessel / Montageart: Standkessel / Nennwärmeleistung: 21 kW / Energieträger: Öl, Bio-Heizöl / Norm-Nutzungsgrad: 96 % / verwendbar für: Heizungswasser, Trinkwasser (externer Warmwasserspeicher) / maximale Vorlauftemperatur: 100 °C / Durchmesser des ...",9701,/preisvergleich/Relocate/497667026.html?categoryId=18406&pos=2&price=2558.86&productid=1217965&sid=9701&type=offer,1217965,18406, 
Viessmann Vitopend 200-W Kombi (24 kW),2075.0, Viessmann Vitopend 200-W Kombi (24 kW),"Gasheizung, Gastherme, Kombitherme, Niedertemperaturkessel, Gas-Heizkessel, Kombikessel / Montageart: Wandkessel / Nennwärmeleistung: 24 kW / Energieträger: Erdgas, Erdgas E, Flüssiggas, Erdgas LL / Norm-Nutzungsgrad: 94 % / verwendbar für: Heizungswasser, Trinkwasser (Durchlauferhitzer-Prinzip) / ...",9701,/preisvergleich/Relocate/440797009.html?categoryId=18406&pos=2&price=2075.0&productid=1233483&sid=9701&type=offer,1233483,18406, 
"Viessmann Vitorondens 200-T (20,2 kW)",4674.0," Viessmann Vitorondens 200-T (20,2 kW)","Öl-Brennwertkessel, Öl-Heizkessel, Ölheizung, Niedertemperaturkessel / Montageart: Standkessel / Nennwärmeleistung: 20,2 kW / Energieträger: Öl / Norm-Nutzungsgrad: 103 % / verwendbar für: Heizungswasser, Trinkwasser (externer Warmwasserspeicher), Solar Heizungsunterstützung / maximale ...",254469,/preisvergleich/Relocate/557842017.html?categoryId=18406&pos=10&price=4674.0&productid=2835975&sid=254469&type=offer,2835975,18406, Viess­mann Vi­to­ron­dens 200 T 20kw Öl Brenn­wert Kessel Set­BR2A244 keine Heiz­ther­me
Buderus Logano G125 Eco,1879.99, Buderus Logano G125 Eco,"Öl-Heizkessel, Ölheizung, Gasheizung, Niedertemperaturkessel, Gas-Heizkessel / Montageart: Standkessel / Energieträger: Erdgas, Öl / verwendbar für: Heizungswasser, Trinkwasser (externer Warmwasserspeicher) / maximale Vorlauftemperatur: 100 °C / max. Betriebsdruck Heizwasser: 4 bar / max. ...",299105,/preisvergleich/Relocate/528132508.html?categoryId=18406&pos=7&price=1879.99&productid=2907011&sid=299105&type=offer,2907011,18406," Bu­de­rus Logano G125-34 Eco, 2107M"
Buderus Logano G125 BE Eco,2645.53, Buderus Logano G125 BE Eco,"Öl-Heizkessel, Ölheizung, Niedertemperaturkessel / Montageart: Standkessel / Energieträger: Öl, Bio-Heizöl / Norm-Nutzungsgrad: 96 % / verwendbar für: Heizungswasser, Trinkwasser (externer Warmwasserspeicher) / maximale Vorlauftemperatur: 100 °C / Durchmesser des Abgasanschlusses: 130 mm / max. ...",299105,/preisvergleich/Relocate/528132474.html?categoryId=18406&pos=7&price=2645.53&productid=2907001&sid=299105&type=offer,2907001,18406," Bu­de­rus Logano G125-28 BE Eco,2107M"
Viessmann Vitogas 200-F (29 kW),1818.0, Viessmann Vitogas 200-F (29 kW),"Gasheizung, Niedertemperaturkessel, Gas-Heizkessel, Kombikessel / Montageart: Standkessel / Nennwärmeleistung: 22 kW / Energieträger: Erdgas, Erdgas E, Flüssiggas, Erdgas LL / Norm-Nutzungsgrad: 93 % / verwendbar für: Heizungswasser / maximale Vorlauftemperatur: 80 °C / Wasserinhalt im Kessel: 12 ...",223861,/preisvergleich/Relocate/346311784.html?categoryId=18406&pos=6&price=1818.0&productid=1321263&sid=223861&type=offer,1321263,18406, Viess­mann Gas-Nie­der­tem­pe­ra­tur­kes­sel Vi­to­gas 200-F 29 kW mit Vi­to­tro­nic 100
"Viessmann Vitorondens 200-T (24,6 kW)",4778.9," Viessmann Vitorondens 200-T (24,6 kW)","Öl-Brennwertkessel, Öl-Heizkessel, Ölheizung, Niedertemperaturkessel / Montageart: Standkessel / Nennwärmeleistung: 24,6 kW / Energieträger: Öl / Norm-Nutzungsgrad: 103 % / verwendbar für: Heizungswasser, Trinkwasser (externer Warmwasserspeicher), Solar Heizungsunterstützung / maximale ...",294528,/preisvergleich/Relocate/591400844.html?categoryId=18406&pos=9&price=4778.9&productid=2835996&sid=294528&type=offer,2835996,18406," Paket Vi­to­ron­dens 200-T 24,6 kW ohne Mi­scher mit Vi­to­cell 100-V CVA 200l"
Buderus Logano G125 Eco-21,1315.0, Buderus Logano G125 Eco-21,"Öl-Heizkessel, Ölheizung, Gasheizung, Niedertemperaturkessel, Gas-Heizkessel / Montageart: Standkessel / Nennwärmeleistung: 21 kW / Energieträger: Öl / verwendbar für: Heizungswasser, Trinkwasser (externer Warmwasserspeicher) / maximale Vorlauftemperatur: 100 °C / max. Betriebsdruck Heizwasser: 4 ...",9701,/preisvergleich/Relocate/602463217.html?categoryId=18406&pos=1&price=1315.0&productid=1064559&sid=9701&type=offer,1064559,18406, 
Viessmann Vitola 200 (22 kW),2563.0, Viessmann Vitola 200 (22 kW),"Öl-Heizkessel, Ölheizung, Niedertemperaturkessel / Montageart: Standkessel / Nennwärmeleistung: 22 kW / Energieträger: Öl / Norm-Nutzungsgrad: 96 % / verwendbar für: Heizungswasser, Trinkwasser (externer Warmwasserspeicher) / maximale Vorlauftemperatur: 100 °C / Wasserinhalt im Kessel: 61 Liter / ...",223861,/preisvergleich/Relocate/287713150.html?categoryId=18406&pos=4&price=2563.0&productid=1238931&sid=223861&type=offer,1238931,18406, Viess­mann Öl­heiz­kes­sel Vitola 200 22 kW Öl­hei­zung
Viessmann Vitogas 200-F (22 kW),1270.0, Viessmann Vitogas 200-F (22 kW),"Gasheizung, Niedertemperaturkessel, Gas-Heizkessel, Kombikessel / Montageart: Standkessel / Nennwärmeleistung: 22 kW / Energieträger: Erdgas, Erdgas E, Flüssiggas, Erdgas LL / Norm-Nutzungsgrad: 93 % / verwendbar für: Heizungswasser / maximale Vorlauftemperatur: 80 °C / Wasserinhalt im Kessel: 10 ...",9701,/preisvergleich/Relocate/444524198.html?categoryId=18406&pos=1&price=1270.0&productid=1321262&sid=9701&type=offer,1321262,18406, 
"Viessmann Vitorondens 200-T (28,9 kW)",3696.99," Viessmann Vitorondens 200-T (28,9 kW)","Öl-Brennwertkessel, Öl-Heizkessel, Ölheizung, Niedertemperaturkessel / Montageart: Standkessel / Nennwärmeleistung: 28,9 kW / Energieträger: Öl / Norm-Nutzungsgrad: 103 % / verwendbar für: Heizungswasser, Trinkwasser (externer Warmwasserspeicher), Solar Heizungsunterstützung / maximale ...",276812,/preisvergleich/Relocate/387844179.html?categoryId=18406&pos=4&price=3696.99&productid=2835997&sid=276812&type=offer,2835997,18406," Viess­mann Vi­to­ron­dens 200-T mit Vi­to­tro­nic 200 28,9 kW, par­al­lel raum­luft­un­ab­hän­gig"
Viessmann Vitogas 200-F (15 kW),1148.0, Viessmann Vitogas 200-F (15 kW),"Gasheizung, Niedertemperaturkessel, Gas-Heizkessel, Kombikessel / Montageart: Standkessel / Nennwärmeleistung: 15 kW / Energieträger: Erdgas, Erdgas E, Flüssiggas, Erdgas LL / Norm-Nutzungsgrad: 93 % / verwendbar für: Heizungswasser / maximale Vorlauftemperatur: 80 °C / Wasserinhalt im Kessel: 7 ...",9701,/preisvergleich/Relocate/566702864.html?categoryId=18406&pos=1&price=1148.0&productid=1321165&sid=9701&type=offer,1321165,18406, 
Viessmann Vitogas 200-F Erdgas E/H (29 kW),1442.28, Viessmann Vitogas 200-F Erdgas E/H (29 kW),"Gasheizung, Niedertemperaturkessel, Gas-Heizkessel, Kombikessel / Montageart: Standkessel / Nennwärmeleistung: 22 kW / Energieträger: Erdgas, Erdgas E, Erdgas H / Norm-Nutzungsgrad: 93 % / verwendbar für: Heizungswasser / maximale Vorlauftemperatur: 80 °C / Wasserinhalt im Kessel: 12 Liter / ...",297223,/preisvergleich/Relocate/588971761.html?categoryId=18406&pos=2&price=1442.28&productid=3942600&sid=297223&type=offer,3942600,18406, VIESS­MANN GS21330 Vi­to­gas 200-F 29 kW für Erdgas E
Buderus Logano G125 BE Eco-21,2570.76, Buderus Logano G125 BE Eco-21,"Öl-Heizkessel, Ölheizung, Niedertemperaturkessel / Montageart: Standkessel / Nennwärmeleistung: 21 kW / Energieträger: Öl, Bio-Heizöl / Norm-Nutzungsgrad: 96 % / verwendbar für: Heizungswasser, Trinkwasser (externer Warmwasserspeicher) / maximale Vorlauftemperatur: 100 °C / Durchmesser des ...",299105,/preisvergleich/Relocate/528132590.html?categoryId=18406&pos=3&price=2570.76&productid=1217965&sid=299105&type=offer,1217965,18406," Bu­de­rus Logano G125-21 BE Eco,2107M"
Viessmann Vitopend 200-W Kombi (24 kW),2647.16, Viessmann Vitopend 200-W Kombi (24 kW),"Gasheizung, Gastherme, Kombitherme, Niedertemperaturkessel, Gas-Heizkessel, Kombikessel / Montageart: Wandkessel / Nennwärmeleistung: 24 kW / Energieträger: Erdgas, Erdgas E, Flüssiggas, Erdgas LL / Norm-Nutzungsgrad: 94 % / verwendbar für: Heizungswasser, Trinkwasser (Durchlauferhitzer-Prinzip) / ...",297223,/preisvergleich/Relocate/588971849.html?categoryId=18406&pos=3&price=2647.16&productid=1233483&sid=297223&type=offer,1233483,18406," VIESS­MANN WH2B151 Vi­to­pend 200 für Flüs­sig­gas, 10,5-24 kW, Gas-Kom­bi., Vi­to­tro­nic 100"
"Viessmann Vitorondens 200-T (20,2 kW)",4693.99," Viessmann Vitorondens 200-T (20,2 kW)","Öl-Brennwertkessel, Öl-Heizkessel, Ölheizung, Niedertemperaturkessel / Montageart: Standkessel / Nennwärmeleistung: 20,2 kW / Energieträger: Öl / Norm-Nutzungsgrad: 103 % / verwendbar für: Heizungswasser, Trinkwasser (externer Warmwasserspeicher), Solar Heizungsunterstützung / maximale ...",276812,/preisvergleich/Relocate/427057904.html?categoryId=18406&pos=11&price=4693.99&productid=2835975&sid=276812&type=offer,2835975,18406," Viess­mann Paket Vi­to­ron­dens 200-T 20,2 kW mit Misc"
Buderus Logano G125 Eco,3750.0, Buderus Logano G125 Eco,"Öl-Heizkessel, Ölheizung, Gasheizung, Niedertemperaturkessel, Gas-Heizkessel / Montageart: Standkessel / Energieträger: Erdgas, Öl / verwendbar für: Heizungswasser, Trinkwasser (externer Warmwasserspeicher) / maximale Vorlauftemperatur: 100 °C / max. Betriebsdruck Heizwasser: 4 bar / max. ...",12041,/preisvergleich/Relocate/236218839.html?categoryId=18406&pos=8&price=3750.0&productid=2907011&sid=12041&type=offer,2907011,18406, 
Buderus Logano G125 BE Eco,2720.29, Buderus Logano G125 BE Eco,"Öl-Heizkessel, Ölheizung, Niedertemperaturkessel / Montageart: Standkessel / Energieträger: Öl, Bio-Heizöl / Norm-Nutzungsgrad: 96 % / verwendbar für: Heizungswasser, Trinkwasser (externer Warmwasserspeicher) / maximale Vorlauftemperatur: 100 °C / Durchmesser des Abgasanschlusses: 130 mm / max. ...",299105,/preisvergleich/Relocate/528132706.html?categoryId=18406&pos=8&price=2720.29&productid=2907001&sid=299105&type=offer,2907001,18406," Bu­de­rus Logano G125-34 BE Eco,2107M"
Viessmann Vitogas 200-F (29 kW),1854.62, Viessmann Vitogas 200-F (29 kW),"Gasheizung, Niedertemperaturkessel, Gas-Heizkessel, Kombikessel / Montageart: Standkessel / Nennwärmeleistung: 22 kW / Energieträger: Erdgas, Erdgas E, Flüssiggas, Erdgas LL / Norm-Nutzungsgrad: 93 % / verwendbar für: Heizungswasser / maximale Vorlauftemperatur: 80 °C / Wasserinhalt im Kessel: 12 ...",297223,/preisvergleich/Relocate/588971843.html?categoryId=18406&pos=7&price=1854.62&productid=1321263&sid=297223&type=offer,1321263,18406, VIESS­MANN GS21303 Vi­to­gas 200-F 29 kW mit Vi­to­tro­nic 100(KC4B) für Erdgas LL
"Viessmann Vitorondens 200-T (24,6 kW)",4829.99," Viessmann Vitorondens 200-T (24,6 kW)","Öl-Brennwertkessel, Öl-Heizkessel, Ölheizung, Niedertemperaturkessel / Montageart: Standkessel / Nennwärmeleistung: 24,6 kW / Energieträger: Öl / Norm-Nutzungsgrad: 103 % / verwendbar für: Heizungswasser, Trinkwasser (externer Warmwasserspeicher), Solar Heizungsunterstützung / maximale ...",276812,/preisvergleich/Relocate/427057829.html?categoryId=18406&pos=10&price=4829.99&productid=2835996&sid=276812&type=offer,2835996,18406," Viess­mann Paket Vi­to­ron­dens 200-T 24,6 kW mit Misc"
Buderus Logano G125 Eco-21,1315.0, Buderus Logano G125 Eco-21,"Öl-Heizkessel, Ölheizung, Gasheizung, Niedertemperaturkessel, Gas-Heizkessel / Montageart: Standkessel / Nennwärmeleistung: 21 kW / Energieträger: Öl / verwendbar für: Heizungswasser, Trinkwasser (externer Warmwasserspeicher) / maximale Vorlauftemperatur: 100 °C / max. Betriebsdruck Heizwasser: 4 ...",9701,/preisvergleich/Relocate/438870372.html?categoryId=18406&pos=2&price=1315.0&productid=1064559&sid=9701&type=offer,1064559,18406, 
Viessmann Vitola 200 (22 kW),3053.0, Viessmann Vitola 200 (22 kW),"Öl-Heizkessel, Ölheizung, Niedertemperaturkessel / Montageart: Standkessel / Nennwärmeleistung: 22 kW / Energieträger: Öl / Norm-Nutzungsgrad: 96 % / verwendbar für: Heizungswasser, Trinkwasser (externer Warmwasserspeicher) / maximale Vorlauftemperatur: 100 °C / Wasserinhalt im Kessel: 61 Liter / ...",223861,/preisvergleich/Relocate/287713151.html?categoryId=18406&pos=5&price=3053.0&productid=1238931&sid=223861&type=offer,1238931,18406, Viess­mann Vitola 200 22 kW Öl-Hei­zungs­an­la­ge
Viessmann Vitogas 200-F (22 kW),1270.0, Viessmann Vitogas 200-F (22 kW),"Gasheizung, Niedertemperaturkessel, Gas-Heizkessel, Kombikessel / Montageart: Standkessel / Nennwärmeleistung: 22 kW / Energieträger: Erdgas, Erdgas E, Flüssiggas, Erdgas LL / Norm-Nutzungsgrad: 93 % / verwendbar für: Heizungswasser / maximale Vorlauftemperatur: 80 °C / Wasserinhalt im Kessel: 10 ...",9701,/preisvergleich/Relocate/541419365.html?categoryId=18406&pos=2&price=1270.0&productid=1321262&sid=9701&type=offer,1321262,18406, 
"Viessmann Vitorondens 200-T (28,9 kW)",3716.99," Viessmann Vitorondens 200-T (28,9 kW)","Öl-Brennwertkessel, Öl-Heizkessel, Ölheizung, Niedertemperaturkessel / Montageart: Standkessel / Nennwärmeleistung: 28,9 kW / Energieträger: Öl / Norm-Nutzungsgrad: 103 % / verwendbar für: Heizungswasser, Trinkwasser (externer Warmwasserspeicher), Solar Heizungsunterstützung / maximale ...",276812,/preisvergleich/Relocate/387844232.html?categoryId=18406&pos=5&price=3716.99&productid=2835997&sid=276812&type=offer,2835997,18406," Viess­mann Vi­to­ron­dens 200-T mit Vi­to­tro­nic 200 28,9 kW, ko­axi­al raum­luft­un­ab­hän­gig waa­ge­recht"
Viessmann Vitogas 200-F (15 kW),1151.33, Viessmann Vitogas 200-F (15 kW),"Gasheizung, Niedertemperaturkessel, Gas-Heizkessel, Kombikessel / Montageart: Standkessel / Nennwärmeleistung: 15 kW / Energieträger: Erdgas, Erdgas E, Flüssiggas, Erdgas LL / Norm-Nutzungsgrad: 93 % / verwendbar für: Heizungswasser / maximale Vorlauftemperatur: 80 °C / Wasserinhalt im Kessel: 7 ...",297223,/preisvergleich/Relocate/588971861.html?categoryId=18406&pos=2&price=1151.33&productid=1321165&sid=297223&type=offer,1321165,18406, VIESS­MANN GS21327 Vi­to­gas 200-F 15 kW für Erdgas E
Viessmann Vitogas 200-F Erdgas E/H (29 kW),1621.69, Viessmann Vitogas 200-F Erdgas E/H (29 kW),"Gasheizung, Niedertemperaturkessel, Gas-Heizkessel, Kombikessel / Montageart: Standkessel / Nennwärmeleistung: 22 kW / Energieträger: Erdgas, Erdgas E, Erdgas H / Norm-Nutzungsgrad: 93 % / verwendbar für: Heizungswasser / maximale Vorlauftemperatur: 80 °C / Wasserinhalt im Kessel: 12 Liter / ...",294528,/preisvergleich/Relocate/559986124.html?categoryId=18406&pos=3&price=1621.69&productid=3942600&sid=294528&type=offer,3942600,18406, Vi­to­gas 200-F 29kW Erdgas E mit Vi­to­tro­nic 100 KC4B
Viessmann Vitopend 200-W Kombi (24 kW),2647.16, Viessmann Vitopend 200-W Kombi (24 kW),"Gasheizung, Gastherme, Kombitherme, Niedertemperaturkessel, Gas-Heizkessel, Kombikessel / Montageart: Wandkessel / Nennwärmeleistung: 24 kW / Energieträger: Erdgas, Erdgas E, Flüssiggas, Erdgas LL / Norm-Nutzungsgrad: 94 % / verwendbar für: Heizungswasser, Trinkwasser (Durchlauferhitzer-Prinzip) / ...",297223,/preisvergleich/Relocate/588972060.html?categoryId=18406&pos=4&price=2647.16&productid=1233483&sid=297223&type=offer,1233483,18406," VIESS­MANN WH2B150 Vi­to­pend 200 für Erdgas LL, 10,5-24 kW, Gas-Kom­bi., Vi­to­tro­nic 100"
"Viessmann Vitorondens 200-T (20,2 kW)",4721.44," Viessmann Vitorondens 200-T (20,2 kW)","Öl-Brennwertkessel, Öl-Heizkessel, Ölheizung, Niedertemperaturkessel / Montageart: Standkessel / Nennwärmeleistung: 20,2 kW / Energieträger: Öl / Norm-Nutzungsgrad: 103 % / verwendbar für: Heizungswasser, Trinkwasser (externer Warmwasserspeicher), Solar Heizungsunterstützung / maximale ...",294528,/preisvergleich/Relocate/559986540.html?categoryId=18406&pos=12&price=4721.44&productid=2835975&sid=294528&type=offer,2835975,18406," Paket Vi­to­ron­dens 200-T 20,2 kW ohne Mi­scher mit Vi­to­cell 100-V CVA 200l"
Buderus Logano G125 Eco,5550.0, Buderus Logano G125 Eco,"Öl-Heizkessel, Ölheizung, Gasheizung, Niedertemperaturkessel, Gas-Heizkessel / Montageart: Standkessel / Energieträger: Erdgas, Öl / verwendbar für: Heizungswasser, Trinkwasser (externer Warmwasserspeicher) / maximale Vorlauftemperatur: 100 °C / max. Betriebsdruck Heizwasser: 4 bar / max. ...",12041,/preisvergleich/Relocate/245586570.html?categoryId=18406&pos=9&price=5550.0&productid=2907011&sid=12041&type=offer,2907011,18406, 
Buderus Logano G125 BE Eco,9440.0, Buderus Logano G125 BE Eco,"Öl-Heizkessel, Ölheizung, Niedertemperaturkessel / Montageart: Standkessel / Energieträger: Öl, Bio-Heizöl / Norm-Nutzungsgrad: 96 % / verwendbar für: Heizungswasser, Trinkwasser (externer Warmwasserspeicher) / maximale Vorlauftemperatur: 100 °C / Durchmesser des Abgasanschlusses: 130 mm / max. ...",12041,/preisvergleich/Relocate/255747505.html?categoryId=18406&pos=9&price=9440.0&productid=2907001&sid=12041&type=offer,2907001,18406, 
Viessmann Vitogas 200-F (29 kW),1854.62, Viessmann Vitogas 200-F (29 kW),"Gasheizung, Niedertemperaturkessel, Gas-Heizkessel, Kombikessel / Montageart: Standkessel / Nennwärmeleistung: 22 kW / Energieträger: Erdgas, Erdgas E, Flüssiggas, Erdgas LL / Norm-Nutzungsgrad: 93 % / verwendbar für: Heizungswasser / maximale Vorlauftemperatur: 80 °C / Wasserinhalt im Kessel: 12 ...",297223,/preisvergleich/Relocate/588971743.html?categoryId=18406&pos=8&price=1854.62&productid=1321263&sid=297223&type=offer,1321263,18406, VIESS­MANN GS21294 Vi­to­gas 200-F 29 kW mit Vi­to­tro­nic 100(KC4B) für Erdgas E
"Viessmann Vitorondens 200-T (24,6 kW)",4999.99," Viessmann Vitorondens 200-T (24,6 kW)","Öl-Brennwertkessel, Öl-Heizkessel, Ölheizung, Niedertemperaturkessel / Montageart: Standkessel / Nennwärmeleistung: 24,6 kW / Energieträger: Öl / Norm-Nutzungsgrad: 103 % / verwendbar für: Heizungswasser, Trinkwasser (externer Warmwasserspeicher), Solar Heizungsunterstützung / maximale ...",294528,/preisvergleich/Relocate/559966997.html?categoryId=18406&pos=11&price=4999.99&productid=2835996&sid=294528&type=offer,2835996,18406," Öl Brenn­wert­kes­sel Vi­to­ron­dens 200-T 24,6KW Vi­to­tro­nic 200 mit Spei­cher ne­ben­ge­stellt 160l"
Buderus Logano G125 Eco-21,1457.62, Buderus Logano G125 Eco-21,"Öl-Heizkessel, Ölheizung, Gasheizung, Niedertemperaturkessel, Gas-Heizkessel / Montageart: Standkessel / Nennwärmeleistung: 21 kW / Energieträger: Öl / verwendbar für: Heizungswasser, Trinkwasser (externer Warmwasserspeicher) / maximale Vorlauftemperatur: 100 °C / max. Betriebsdruck Heizwasser: 4 ...",12041,/preisvergleich/Relocate/255747778.html?categoryId=18406&pos=3&price=1457.62&productid=1064559&sid=12041&type=offer,1064559,18406, 
Viessmann Vitogas 200-F (22 kW),1275.38, Viessmann Vitogas 200-F (22 kW),"Gasheizung, Niedertemperaturkessel, Gas-Heizkessel, Kombikessel / Montageart: Standkessel / Nennwärmeleistung: 22 kW / Energieträger: Erdgas, Erdgas E, Flüssiggas, Erdgas LL / Norm-Nutzungsgrad: 93 % / verwendbar für: Heizungswasser / maximale Vorlauftemperatur: 80 °C / Wasserinhalt im Kessel: 10 ...",297223,/preisvergleich/Relocate/588971766.html?categoryId=18406&pos=3&price=1275.38&productid=1321262&sid=297223&type=offer,1321262,18406, VIESS­MANN GS21329 Vi­to­gas 200-F 22 kW für Erdgas E
"Viessmann Vitorondens 200-T (28,9 kW)",3792.0," Viessmann Vitorondens 200-T (28,9 kW)","Öl-Brennwertkessel, Öl-Heizkessel, Ölheizung, Niedertemperaturkessel / Montageart: Standkessel / Nennwärmeleistung: 28,9 kW / Energieträger: Öl / Norm-Nutzungsgrad: 103 % / verwendbar für: Heizungswasser, Trinkwasser (externer Warmwasserspeicher), Solar Heizungsunterstützung / maximale ...",9701,/preisvergleich/Relocate/445626801.html?categoryId=18406&pos=6&price=3792.0&productid=2835997&sid=9701&type=offer,2835997,18406, 
Viessmann Vitogas 200-F (15 kW),1379.77, Viessmann Vitogas 200-F (15 kW),"Gasheizung, Niedertemperaturkessel, Gas-Heizkessel, Kombikessel / Montageart: Standkessel / Nennwärmeleistung: 15 kW / Energieträger: Erdgas, Erdgas E, Flüssiggas, Erdgas LL / Norm-Nutzungsgrad: 93 % / verwendbar für: Heizungswasser / maximale Vorlauftemperatur: 80 °C / Wasserinhalt im Kessel: 7 ...",294528,/preisvergleich/Relocate/559986088.html?categoryId=18406&pos=3&price=1379.77&productid=1321165&sid=294528&type=offer,1321165,18406, Vi­to­gas 200-F 15kW Erdgas E mit Vi­to­tro­nic 100 KC4B
Viessmann Vitogas 200-F Erdgas E/H (29 kW),1818.0, Viessmann Vitogas 200-F Erdgas E/H (29 kW),"Gasheizung, Niedertemperaturkessel, Gas-Heizkessel, Kombikessel / Montageart: Standkessel / Nennwärmeleistung: 22 kW / Energieträger: Erdgas, Erdgas E, Erdgas H / Norm-Nutzungsgrad: 93 % / verwendbar für: Heizungswasser / maximale Vorlauftemperatur: 80 °C / Wasserinhalt im Kessel: 12 Liter / ...",223861,/preisvergleich/Relocate/346311784.html?categoryId=18406&pos=4&price=1818.0&productid=3942600&sid=223861&type=offer,3942600,18406, Viess­mann Gas-Nie­der­tem­pe­ra­tur­kes­sel Vi­to­gas 200-F 29 kW mit Vi­to­tro­nic 100
Viessmann Vitopend 200-W Kombi (24 kW),2647.16, Viessmann Vitopend 200-W Kombi (24 kW),"Gasheizung, Gastherme, Kombitherme, Niedertemperaturkessel, Gas-Heizkessel, Kombikessel / Montageart: Wandkessel / Nennwärmeleistung: 24 kW / Energieträger: Erdgas, Erdgas E, Flüssiggas, Erdgas LL / Norm-Nutzungsgrad: 94 % / verwendbar für: Heizungswasser, Trinkwasser (Durchlauferhitzer-Prinzip) / ...",297223,/preisvergleich/Relocate/436147333.html?categoryId=18406&pos=5&price=2647.16&productid=1233483&sid=297223&type=offer,1233483,18406," VIESS­MANN WH2B149 Vi­to­pend 200-W für Erdgas E, 10,5-24 kW, Gas-Kom­bi., Vi­to­tro­nic 100"
"Viessmann Vitorondens 200-T (20,2 kW)",4768.99," Viessmann Vitorondens 200-T (20,2 kW)","Öl-Brennwertkessel, Öl-Heizkessel, Ölheizung, Niedertemperaturkessel / Montageart: Standkessel / Nennwärmeleistung: 20,2 kW / Energieträger: Öl / Norm-Nutzungsgrad: 103 % / verwendbar für: Heizungswasser, Trinkwasser (externer Warmwasserspeicher), Solar Heizungsunterstützung / maximale ...",276812,/preisvergleich/Relocate/427057851.html?categoryId=18406&pos=13&price=4768.99&productid=2835975&sid=276812&type=offer,2835975,18406," Viess­mann Paket Vi­to­ron­dens 200-T 20,2 kW mit Misc"
Viessmann Vitogas 200-F (29 kW),2100.95, Viessmann Vitogas 200-F (29 kW),"Gasheizung, Niedertemperaturkessel, Gas-Heizkessel, Kombikessel / Montageart: Standkessel / Nennwärmeleistung: 22 kW / Energieträger: Erdgas, Erdgas E, Flüssiggas, Erdgas LL / Norm-Nutzungsgrad: 93 % / verwendbar für: Heizungswasser / maximale Vorlauftemperatur: 80 °C / Wasserinhalt im Kessel: 12 ...",294528,/preisvergleich/Relocate/559967031.html?categoryId=18406&pos=9&price=2100.95&productid=1321263&sid=294528&type=offer,1321263,18406, VIESS­MANN Vi­to­gas 200-F - 29 kW mit Vi­to­tro­nic 200(KO2B) für Erdgas E
"Viessmann Vitorondens 200-T (24,6 kW)",5180.99," Viessmann Vitorondens 200-T (24,6 kW)","Öl-Brennwertkessel, Öl-Heizkessel, Ölheizung, Niedertemperaturkessel / Montageart: Standkessel / Nennwärmeleistung: 24,6 kW / Energieträger: Öl / Norm-Nutzungsgrad: 103 % / verwendbar für: Heizungswasser, Trinkwasser (externer Warmwasserspeicher), Solar Heizungsunterstützung / maximale ...",276812,/preisvergleich/Relocate/427057864.html?categoryId=18406&pos=12&price=5180.99&productid=2835996&sid=276812&type=offer,2835996,18406," Paket Vi­to­ron­dens 200-T,Vi­to­tro­nic 200, Spei­cher 24,6 kW, 160 Liter rechts"
Per Eko KSW Plus 150,12470.0, Per Eko KSW Plus 150,"Holzvergaser, Biomasseheizung, Festbrennstoffkessel, Holzheizung, Niedertemperaturkessel / Montageart: Standkessel / Nennwärmeleistung: 150 kW / Energieträger: Holz, Holzpellet, Braunkohle / Norm-Nutzungsgrad: 80 % / verwendbar für: Heizungswasser / maximale Vorlauftemperatur: 95 °C / Wasserinhalt ...",12041,/preisvergleich/Relocate/458639400.html?categoryId=18406&pos=1&price=12470.0&productid=4518719&sid=12041&type=offer,4518719,18406, 
Brötje LogoBloc Unit L-UB 20 C (20 kW),3285.0, Brötje LogoBloc Unit L-UB 20 C (20 kW),"Öl-Heizkessel, Ölheizung, Niedertemperaturkessel / Montageart: Standkessel / Nennwärmeleistung: 20 kW / Energieträger: Öl / Norm-Nutzungsgrad: 93 % / verwendbar für: Heizungswasser / maximale Vorlauftemperatur: 90 °C / Wasserinhalt im Kessel: 47 Liter / max. Betriebsdruck Heizwasser: 3 bar / ...",9701,/preisvergleich/Relocate/516356754.html?categoryId=18406&pos=1&price=3285.0&productid=1089221&sid=9701&type=offer,1089221,18406, 
Viessmann Vitola 200 (63 kW),1915.8, Viessmann Vitola 200 (63 kW),"Öl-Heizkessel, Ölheizung, Niedertemperaturkessel / Montageart: Standkessel / Nennwärmeleistung: 63 kW / Energieträger: Öl / Norm-Nutzungsgrad: 96 % / verwendbar für: Heizungswasser, Trinkwasser (externer Warmwasserspeicher) / maximale Vorlauftemperatur: 100 °C / Wasserinhalt im Kessel: 223 Liter / ...",9701,/preisvergleich/Relocate/558061954.html?categoryId=18406&pos=1&price=1915.8&productid=1238973&sid=9701&type=offer,1238973,18406, 
Brötje LogoBloc Unit L-UB 17 C (17 kW),3285.0, Brötje LogoBloc Unit L-UB 17 C (17 kW),"Öl-Heizkessel, Ölheizung, Niedertemperaturkessel / Montageart: Standkessel / Nennwärmeleistung: 17 kW / Energieträger: Öl / Norm-Nutzungsgrad: 93 % / verwendbar für: Heizungswasser, Trinkwasser (externer Warmwasserspeicher) / maximale Vorlauftemperatur: 90 °C / Wasserinhalt im Kessel: 47 Liter / ...",9701,/preisvergleich/Relocate/516356797.html?categoryId=18406&pos=1&price=3285.0&productid=1089218&sid=9701&type=offer,1089218,18406, 
Buderus Logano G125 Eco-21,1751.81, Buderus Logano G125 Eco-21,"Öl-Heizkessel, Ölheizung, Gasheizung, Niedertemperaturkessel, Gas-Heizkessel / Montageart: Standkessel / Nennwärmeleistung: 21 kW / Energieträger: Öl / verwendbar für: Heizungswasser, Trinkwasser (externer Warmwasserspeicher) / maximale Vorlauftemperatur: 100 °C / max. Betriebsdruck Heizwasser: 4 ...",299105,/preisvergleich/Relocate/528132354.html?categoryId=18406&pos=4&price=1751.81&productid=1064559&sid=299105&type=offer,1064559,18406," Bu­de­rus Logano G125-21 Eco, 2107M"
Viessmann Vitogas 200-F (22 kW),1275.38, Viessmann Vitogas 200-F (22 kW),"Gasheizung, Niedertemperaturkessel, Gas-Heizkessel, Kombikessel / Montageart: Standkessel / Nennwärmeleistung: 22 kW / Energieträger: Erdgas, Erdgas E, Flüssiggas, Erdgas LL / Norm-Nutzungsgrad: 93 % / verwendbar für: Heizungswasser / maximale Vorlauftemperatur: 80 °C / Wasserinhalt im Kessel: 10 ...",297223,/preisvergleich/Relocate/588971769.html?categoryId=18406&pos=4&price=1275.38&productid=1321262&sid=297223&type=offer,1321262,18406, VIESS­MANN GS21338 Vi­to­gas 200-F 22 kW für Erdgas LL
"Viessmann Vitorondens 200-T (28,9 kW)",4568.99," Viessmann Vitorondens 200-T (28,9 kW)","Öl-Brennwertkessel, Öl-Heizkessel, Ölheizung, Niedertemperaturkessel / Montageart: Standkessel / Nennwärmeleistung: 28,9 kW / Energieträger: Öl / Norm-Nutzungsgrad: 103 % / verwendbar für: Heizungswasser, Trinkwasser (externer Warmwasserspeicher), Solar Heizungsunterstützung / maximale ...",276812,/preisvergleich/Relocate/427057858.html?categoryId=18406&pos=7&price=4568.99&productid=2835997&sid=276812&type=offer,2835997,18406," Viess­mann Paket Vi­to­ron­dens 200-T 28,9 kW ohne Mis"
Viessmann Vitogas 200-F (15 kW),1534.0, Viessmann Vitogas 200-F (15 kW),"Gasheizung, Niedertemperaturkessel, Gas-Heizkessel, Kombikessel / Montageart: Standkessel / Nennwärmeleistung: 15 kW / Energieträger: Erdgas, Erdgas E, Flüssiggas, Erdgas LL / Norm-Nutzungsgrad: 93 % / verwendbar für: Heizungswasser / maximale Vorlauftemperatur: 80 °C / Wasserinhalt im Kessel: 7 ...",223861,/preisvergleich/Relocate/463226426.html?categoryId=18406&pos=4&price=1534.0&productid=1321165&sid=223861&type=offer,1321165,18406, Viess­mann Gas-Nie­der­tem­pe­ra­tur­kes­sel Vi­to­gas 200-F 15 kW mit Re­ge­lung
Viessmann Vitogas 200-F Erdgas E/H (29 kW),1837.0, Viessmann Vitogas 200-F Erdgas E/H (29 kW),"Gasheizung, Niedertemperaturkessel, Gas-Heizkessel, Kombikessel / Montageart: Standkessel / Nennwärmeleistung: 22 kW / Energieträger: Erdgas, Erdgas E, Erdgas H / Norm-Nutzungsgrad: 93 % / verwendbar für: Heizungswasser / maximale Vorlauftemperatur: 80 °C / Wasserinhalt im Kessel: 12 Liter / ...",9701,/preisvergleich/Relocate/446554370.html?categoryId=18406&pos=5&price=1837.0&productid=3942600&sid=9701&type=offer,3942600,18406, 
Viessmann Vitopend 200-W Kombi (24 kW),2892.59, Viessmann Vitopend 200-W Kombi (24 kW),"Gasheizung, Gastherme, Kombitherme, Niedertemperaturkessel, Gas-Heizkessel, Kombikessel / Montageart: Wandkessel / Nennwärmeleistung: 24 kW / Energieträger: Erdgas, Erdgas E, Flüssiggas, Erdgas LL / Norm-Nutzungsgrad: 94 % / verwendbar für: Heizungswasser, Trinkwasser (Durchlauferhitzer-Prinzip) / ...",297223,/preisvergleich/Relocate/588971842.html?categoryId=18406&pos=6&price=2892.59&productid=1233483&sid=297223&type=offer,1233483,18406," VIESS­MANN WH2B153 Vi­to­pend 200 für Erdgas LL, 10,5-24 kW, Gas-Kom­bi., Vi­to­tro­nic 200"
"Viessmann Vitorondens 200-T (20,2 kW)",4869.99," Viessmann Vitorondens 200-T (20,2 kW)","Öl-Brennwertkessel, Öl-Heizkessel, Ölheizung, Niedertemperaturkessel / Montageart: Standkessel / Nennwärmeleistung: 20,2 kW / Energieträger: Öl / Norm-Nutzungsgrad: 103 % / verwendbar für: Heizungswasser, Trinkwasser (externer Warmwasserspeicher), Solar Heizungsunterstützung / maximale ...",294528,/preisvergleich/Relocate/559967016.html?categoryId=18406&pos=14&price=4869.99&productid=2835975&sid=294528&type=offer,2835975,18406," Öl Brenn­wert­kes­sel Vi­to­ron­dens 200-T 20,2 KW Vi­to­tro­nic 200 mit Spei­cher ne­ben­ge­stellt 160l"
Viessmann Vitogas 200-F (29 kW),2325.0, Viessmann Vitogas 200-F (29 kW),"Gasheizung, Niedertemperaturkessel, Gas-Heizkessel, Kombikessel / Montageart: Standkessel / Nennwärmeleistung: 22 kW / Energieträger: Erdgas, Erdgas E, Flüssiggas, Erdgas LL / Norm-Nutzungsgrad: 93 % / verwendbar für: Heizungswasser / maximale Vorlauftemperatur: 80 °C / Wasserinhalt im Kessel: 12 ...",223861,/preisvergleich/Relocate/346311768.html?categoryId=18406&pos=10&price=2325.0&productid=1321263&sid=223861&type=offer,1321263,18406, Viess­mann Gas-Nie­der­tem­pe­ra­tur-Kes­sel Vi­to­gas 200-F 29 kW mit Re­ge­lung
"Viessmann Vitorondens 200-T (24,6 kW)",5180.99," Viessmann Vitorondens 200-T (24,6 kW)","Öl-Brennwertkessel, Öl-Heizkessel, Ölheizung, Niedertemperaturkessel / Montageart: Standkessel / Nennwärmeleistung: 24,6 kW / Energieträger: Öl / Norm-Nutzungsgrad: 103 % / verwendbar für: Heizungswasser, Trinkwasser (externer Warmw