info,title,price,header,kw,sid,linkwithprice,productid,categoryId,desc
"Luft/Wasser-Wärmepumpe / Nennwärmeleistung: 6,7 kW / Leistungszahl (COP): 3,51 / Energie-Effizienzklasse Raumheizung bei 55°C: A Watt / Energie-Effizienzklasse Raumheizung bei 35°C: B / verwendbar für: Heizungswasser, Kühlwasser / Serie: Stiebel Eltron WPL / Energieträger: Luftwärme, Elektrizität / ...","Stiebel Eltron WPL 10 AC (6,7 kW)",6210.4," Stiebel Eltron WPL 10 AC (6,7 kW)","6,7",280623,/preisvergleich/Relocate/351171084.html?categoryId=18459&pos=1&price=6210.4&productid=1097040&sid=280623&type=offer,1097040,18459," Stie­bel Eltron 230236 - Hei­zungs-Wär­me­pum­pe WPL 10 AC, Wär­me­pum­pe Au­ßen­auf­stel­lu"
"Luft/Wasser-Wärmepumpe / Nennwärmeleistung: 6,7 kW / Leistungszahl (COP): 3,51 / Energie-Effizienzklasse Raumheizung bei 55°C: A Watt / Energie-Effizienzklasse Raumheizung bei 35°C: B / verwendbar für: Heizungswasser, Kühlwasser / Serie: Stiebel Eltron WPL / Energieträger: Luftwärme, Elektrizität / ...","Stiebel Eltron WPL 10 AC (6,7 kW)",6560.3," Stiebel Eltron WPL 10 AC (6,7 kW)","6,7",280623,/preisvergleich/Relocate/351171121.html?categoryId=18459&pos=2&price=6560.3&productid=1097040&sid=280623&type=offer,1097040,18459, Stie­bel Eltron 231788 - Hei­zungs­wär­me­pum­pe WPL 10 AC Ak­ti­ons­set 1
"Luft/Wasser-Wärmepumpe, Split-Wärmepumpe, Inverter-Wärmepumpe / Nennwärmeleistung: 10,1 kW / Leistungszahl (COP): 3,15 / Energie-Effizienzklasse Raumheizung bei 35°C: D / verwendbar für: Heizungswasser, Trinkwasser, Kühlwasser / Serie: Rotex HPSU / Energieträger: Luftwärme, Elektrizität, ...",Rotex HPSU compact (16 kW),2199.0, Rotex HPSU compact (16 kW),"10,1",9701,/preisvergleich/Relocate/581548231.html?categoryId=18459&pos=1&price=2199.0&productid=2608865&sid=9701&type=offer,2608865,18459, 
"Luft/Wasser-Wärmepumpe, Split-Wärmepumpe, Trinkwasser-Wärmepumpe / Nennwärmeleistung: 11 kW / Leistungszahl (COP): 4,47 / Energie-Effizienzklasse Raumheizung bei 35°C: A / verwendbar für: Heizungswasser, Trinkwasser, Kühlwasser / Serie: Rotex HPSU / Energieträger: Luftwärme, Elektrizität / maximale ...",Rotex HPSU compact (11 kW),3685.0, Rotex HPSU compact (11 kW),11,9701,/preisvergleich/Relocate/387954951.html?categoryId=18459&pos=1&price=3685.0&productid=2603672&sid=9701&type=offer,2603672,18459, 
"Luft/Wasser-Wärmepumpe / Nennwärmeleistung: 11,3 kW / Leistungszahl (COP): 3,7 / Energie-Effizienzklasse Raumheizung bei 35°C: A / verwendbar für: Heizungswasser / Serie: Stiebel Eltron WPL / Energieträger: Luftwärme, Elektrizität / maximale Vorlauftemperatur: 60 °C / Temperatur-Obergrenze: 40 °C / ...","Stiebel Eltron WPL 18 (11,3 kW)",6999.0," Stiebel Eltron WPL 18 (11,3 kW)","11,3",3500,/preisvergleich/Relocate/174174293.html?categoryId=18459&pos=1&price=6999.0&productid=790063&sid=3500&type=offer,790063,18459, Stie­bel-El­t­ron WPL 18 E
"Luft/Wasser-Wärmepumpe / Nennwärmeleistung: 9 kW / Leistungszahl (COP): 3,9 / Energie-Effizienzklasse Raumheizung bei 35°C: A / verwendbar für: Heizungswasser / Serie: Viessmann Vitocal / Energieträger: Luftwärme, Elektrizität / maximale Vorlauftemperatur: 50 °C / Temperatur-Obergrenze: 35 °C / ...",Viessmann Vitocal 300-A AWCI-AC 301.A (9 kW),7880.99, Viessmann Vitocal 300-A AWCI-AC 301.A (9 kW),9,276812,/preisvergleich/Relocate/387843448.html?categoryId=18459&pos=1&price=7880.99&productid=1066890&sid=276812&type=offer,1066890,18459," Viess­mann Vi­to­cal 300-A, 3-9kW re­ver­si­bel AWO-AC 3"
"Luft/Wasser-Wärmepumpe, Split-Wärmepumpe, Inverter-Wärmepumpe / Nennwärmeleistung: 5,6 kW / Leistungszahl (COP): 3,24 / Energie-Effizienzklasse Raumheizung bei 35°C: D / verwendbar für: Heizungswasser, Trinkwasser / Serie: Viessmann Vitocal / Energieträger: Luftwärme, Elektrizität / maximale ...","Viessmann Vitocal 200-S AWB201.B07 (5,6 kW)",3888.99," Viessmann Vitocal 200-S AWB201.B07 (5,6 kW)","5,6",276812,/preisvergleich/Relocate/387843624.html?categoryId=18459&pos=1&price=3888.99&productid=4646937&sid=276812&type=offer,4646937,18459," VIESS­MANN Vi­to­cal 200-S Typ AWB 201.B/C AWB 201.B07 - 5,6 kW"
"Trinkwasser-Wärmepumpe, Luft/Wasser-Wärmepumpe / Nennwärmeleistung: 1,6 kW / Leistungszahl (COP): 4,1 / Energie-Effizienzklasse Raumheizung bei 55°C: A Watt / verwendbar für: Trinkwasser / Serie: Stiebel Eltron WWK / Energieträger: Luftwärme, Elektrizität / maximale Vorlauftemperatur: 55 °C / ...","Stiebel Eltron WWK 300 (1,6 kW)",2070.0," Stiebel Eltron WWK 300 (1,6 kW)","1,6",9701,/preisvergleich/Relocate/569055808.html?categoryId=18459&pos=1&price=2070.0&productid=1434231&sid=9701&type=offer,1434231,18459, 
"Luft/Wasser-Wärmepumpe / Nennwärmeleistung: 6,7 kW / Leistungszahl (COP): 3,51 / Energie-Effizienzklasse Raumheizung bei 55°C: A Watt / Energie-Effizienzklasse Raumheizung bei 35°C: B / verwendbar für: Heizungswasser, Kühlwasser / Serie: Stiebel Eltron WPL / Energieträger: Luftwärme, Elektrizität / ...","Stiebel Eltron WPL 10 AC (6,7 kW)",6712.06," Stiebel Eltron WPL 10 AC (6,7 kW)","6,7",9701,/preisvergleich/Relocate/540733772.html?categoryId=18459&pos=3&price=6712.06&productid=1097040&sid=9701&type=offer,1097040,18459, 
"Luft/Wasser-Wärmepumpe, Split-Wärmepumpe, Inverter-Wärmepumpe / Nennwärmeleistung: 10,1 kW / Leistungszahl (COP): 3,15 / Energie-Effizienzklasse Raumheizung bei 35°C: D / verwendbar für: Heizungswasser, Trinkwasser, Kühlwasser / Serie: Rotex HPSU / Energieträger: Luftwärme, Elektrizität, ...",Rotex HPSU compact (16 kW),2199.0, Rotex HPSU compact (16 kW),"10,1",9701,/preisvergleich/Relocate/581548142.html?categoryId=18459&pos=2&price=2199.0&productid=2608865&sid=9701&type=offer,2608865,18459, 
"Luft/Wasser-Wärmepumpe, Split-Wärmepumpe, Trinkwasser-Wärmepumpe / Nennwärmeleistung: 11 kW / Leistungszahl (COP): 4,47 / Energie-Effizienzklasse Raumheizung bei 35°C: A / verwendbar für: Heizungswasser, Trinkwasser, Kühlwasser / Serie: Rotex HPSU / Energieträger: Luftwärme, Elektrizität / maximale ...",Rotex HPSU compact (11 kW),8349.0, Rotex HPSU compact (11 kW),11,223861,/preisvergleich/Relocate/367008586.html?categoryId=18459&pos=2&price=8349.0&productid=2603672&sid=223861&type=offer,2603672,18459, Rotex Paket 7C Luft-/Was­ser Wär­me­pum­pe HPSU com­pact 516 11 kW + En­er­gie­spei­cher
"Luft/Wasser-Wärmepumpe / Nennwärmeleistung: 11,3 kW / Leistungszahl (COP): 3,7 / Energie-Effizienzklasse Raumheizung bei 35°C: A / verwendbar für: Heizungswasser / Serie: Stiebel Eltron WPL / Energieträger: Luftwärme, Elektrizität / maximale Vorlauftemperatur: 60 °C / Temperatur-Obergrenze: 40 °C / ...","Stiebel Eltron WPL 18 (11,3 kW)",8122.0," Stiebel Eltron WPL 18 (11,3 kW)","11,3",299706,/preisvergleich/Relocate/601929865.html?categoryId=18459&pos=2&price=8122.0&productid=790063&sid=299706&type=offer,790063,18459, Stie­bel Eltron WPL18E
"Luft/Wasser-Wärmepumpe / Nennwärmeleistung: 9 kW / Leistungszahl (COP): 3,9 / Energie-Effizienzklasse Raumheizung bei 35°C: A / verwendbar für: Heizungswasser / Serie: Viessmann Vitocal / Energieträger: Luftwärme, Elektrizität / maximale Vorlauftemperatur: 50 °C / Temperatur-Obergrenze: 35 °C / ...",Viessmann Vitocal 300-A AWCI-AC 301.A (9 kW),8868.0, Viessmann Vitocal 300-A AWCI-AC 301.A (9 kW),9,9701,/preisvergleich/Relocate/445651434.html?categoryId=18459&pos=2&price=8868.0&productid=1066890&sid=9701&type=offer,1066890,18459, 
"Luft/Wasser-Wärmepumpe, Split-Wärmepumpe, Inverter-Wärmepumpe / Nennwärmeleistung: 5,6 kW / Leistungszahl (COP): 3,24 / Energie-Effizienzklasse Raumheizung bei 35°C: D / verwendbar für: Heizungswasser, Trinkwasser / Serie: Viessmann Vitocal / Energieträger: Luftwärme, Elektrizität / maximale ...","Viessmann Vitocal 200-S AWB201.B07 (5,6 kW)",4016.73," Viessmann Vitocal 200-S AWB201.B07 (5,6 kW)","5,6",297223,/preisvergleich/Relocate/436147915.html?categoryId=18459&pos=2&price=4016.73&productid=4646937&sid=297223&type=offer,4646937,18459," VIESS­MANN Vi­to­cal 200-S, Typ AWB201. B07 Split Luft/Was­ser-Wär­me­pum­pe mit 5, 6 kW"
"Trinkwasser-Wärmepumpe, Luft/Wasser-Wärmepumpe / Nennwärmeleistung: 1,6 kW / Leistungszahl (COP): 4,1 / Energie-Effizienzklasse Raumheizung bei 55°C: A Watt / verwendbar für: Trinkwasser / Serie: Stiebel Eltron WWK / Energieträger: Luftwärme, Elektrizität / maximale Vorlauftemperatur: 55 °C / ...","Stiebel Eltron WWK 300 (1,6 kW)",2125.0," Stiebel Eltron WWK 300 (1,6 kW)","1,6",28887,/preisvergleich/Relocate/328776394.html?categoryId=18459&pos=2&price=2125.0&productid=1434231&sid=28887&type=offer,1434231,18459, Warm­was­ser-Wär­me­pum­pe WWK 300 elek­tro­nic
"Luft/Wasser-Wärmepumpe / Nennwärmeleistung: 6,7 kW / Leistungszahl (COP): 3,51 / Energie-Effizienzklasse Raumheizung bei 55°C: A Watt / Energie-Effizienzklasse Raumheizung bei 35°C: B / verwendbar für: Heizungswasser, Kühlwasser / Serie: Stiebel Eltron WPL / Energieträger: Luftwärme, Elektrizität / ...","Stiebel Eltron WPL 10 AC (6,7 kW)",7029.78," Stiebel Eltron WPL 10 AC (6,7 kW)","6,7",9701,/preisvergleich/Relocate/540734020.html?categoryId=18459&pos=4&price=7029.78&productid=1097040&sid=9701&type=offer,1097040,18459, 
"Luft/Wasser-Wärmepumpe, Split-Wärmepumpe, Inverter-Wärmepumpe / Nennwärmeleistung: 10,1 kW / Leistungszahl (COP): 3,15 / Energie-Effizienzklasse Raumheizung bei 35°C: D / verwendbar für: Heizungswasser, Trinkwasser, Kühlwasser / Serie: Rotex HPSU / Energieträger: Luftwärme, Elektrizität, ...",Rotex HPSU compact (16 kW),9198.0, Rotex HPSU compact (16 kW),"10,1",223861,/preisvergleich/Relocate/367008566.html?categoryId=18459&pos=3&price=9198.0&productid=2608865&sid=223861&type=offer,2608865,18459, Rotex Paket 9C Luft-/Was­ser-Wär­me­pum­pe HPSU com­pact 516 16 kW + En­er­gie­spei­cher
"Luft/Wasser-Wärmepumpe, Split-Wärmepumpe, Trinkwasser-Wärmepumpe / Nennwärmeleistung: 11 kW / Leistungszahl (COP): 4,47 / Energie-Effizienzklasse Raumheizung bei 35°C: A / verwendbar für: Heizungswasser, Trinkwasser, Kühlwasser / Serie: Rotex HPSU / Energieträger: Luftwärme, Elektrizität / maximale ...",Rotex HPSU compact (11 kW),8349.0, Rotex HPSU compact (11 kW),11,9701,/preisvergleich/Relocate/603435698.html?categoryId=18459&pos=3&price=8349.0&productid=2603672&sid=9701&type=offer,2603672,18459, 
"Luft/Wasser-Wärmepumpe / Nennwärmeleistung: 11,3 kW / Leistungszahl (COP): 3,7 / Energie-Effizienzklasse Raumheizung bei 35°C: A / verwendbar für: Heizungswasser / Serie: Stiebel Eltron WPL / Energieträger: Luftwärme, Elektrizität / maximale Vorlauftemperatur: 60 °C / Temperatur-Obergrenze: 40 °C / ...","Stiebel Eltron WPL 18 (11,3 kW)",8143.14," Stiebel Eltron WPL 18 (11,3 kW)","11,3",297223,/preisvergleich/Relocate/436147643.html?categoryId=18459&pos=3&price=8143.14&productid=790063&sid=297223&type=offer,790063,18459," STIE­BEL ELTRON 227757 Hei­zungs-Wär­me­pum­pe WPL 18 E, Luft/Was­ser-Wär­me­pum­pe"
"Luft/Wasser-Wärmepumpe / Nennwärmeleistung: 9 kW / Leistungszahl (COP): 3,9 / Energie-Effizienzklasse Raumheizung bei 35°C: A / verwendbar für: Heizungswasser / Serie: Viessmann Vitocal / Energieträger: Luftwärme, Elektrizität / maximale Vorlauftemperatur: 50 °C / Temperatur-Obergrenze: 35 °C / ...",Viessmann Vitocal 300-A AWCI-AC 301.A (9 kW),8868.0, Viessmann Vitocal 300-A AWCI-AC 301.A (9 kW),9,9701,/preisvergleich/Relocate/509777134.html?categoryId=18459&pos=3&price=8868.0&productid=1066890&sid=9701&type=offer,1066890,18459, 
"Luft/Wasser-Wärmepumpe, Split-Wärmepumpe, Inverter-Wärmepumpe / Nennwärmeleistung: 5,6 kW / Leistungszahl (COP): 3,24 / Energie-Effizienzklasse Raumheizung bei 35°C: D / verwendbar für: Heizungswasser, Trinkwasser / Serie: Viessmann Vitocal / Energieträger: Luftwärme, Elektrizität / maximale ...","Viessmann Vitocal 200-S AWB201.B07 (5,6 kW)",4385.0," Viessmann Vitocal 200-S AWB201.B07 (5,6 kW)","5,6",9701,/preisvergleich/Relocate/444912060.html?categoryId=18459&pos=3&price=4385.0&productid=4646937&sid=9701&type=offer,4646937,18459, 
"Trinkwasser-Wärmepumpe, Luft/Wasser-Wärmepumpe / Nennwärmeleistung: 1,6 kW / Leistungszahl (COP): 4,1 / Energie-Effizienzklasse Raumheizung bei 55°C: A Watt / verwendbar für: Trinkwasser / Serie: Stiebel Eltron WWK / Energieträger: Luftwärme, Elektrizität / maximale Vorlauftemperatur: 55 °C / ...","Stiebel Eltron WWK 300 (1,6 kW)",2141.98," Stiebel Eltron WWK 300 (1,6 kW)","1,6",9441,/preisvergleich/Relocate/373209517.html?categoryId=18459&pos=3&price=2141.98&productid=1434231&sid=9441&type=offer,1434231,18459, Stie­bel eltron WWK 300 Warm­was­ser Wär­me­pum­pe
"Luft/Wasser-Wärmepumpe / Nennwärmeleistung: 6,7 kW / Leistungszahl (COP): 3,51 / Energie-Effizienzklasse Raumheizung bei 55°C: A Watt / Energie-Effizienzklasse Raumheizung bei 35°C: B / verwendbar für: Heizungswasser, Kühlwasser / Serie: Stiebel Eltron WPL / Energieträger: Luftwärme, Elektrizität / ...","Stiebel Eltron WPL 10 AC (6,7 kW)",8291.4," Stiebel Eltron WPL 10 AC (6,7 kW)","6,7",280623,/preisvergleich/Relocate/351171105.html?categoryId=18459&pos=5&price=8291.4&productid=1097040&sid=280623&type=offer,1097040,18459, Stie­bel Eltron 231790 - Hei­zungs­wär­me­pum­pe WPL 10 AC Ak­ti­ons­set 3
"Luft/Wasser-Wärmepumpe, Split-Wärmepumpe, Inverter-Wärmepumpe / Nennwärmeleistung: 10,1 kW / Leistungszahl (COP): 3,15 / Energie-Effizienzklasse Raumheizung bei 35°C: D / verwendbar für: Heizungswasser, Trinkwasser, Kühlwasser / Serie: Rotex HPSU / Energieträger: Luftwärme, Elektrizität, ...",Rotex HPSU compact (16 kW),9249.75, Rotex HPSU compact (16 kW),"10,1",254469,/preisvergleich/Relocate/503937154.html?categoryId=18459&pos=4&price=9249.75&productid=2608865&sid=254469&type=offer,2608865,18459," Wär­me­pum­pe, HPSU com­pact 16 kW H/C mit En­er­gie­spei­cher 500 Ltr., Paket"
"Luft/Wasser-Wärmepumpe, Split-Wärmepumpe, Trinkwasser-Wärmepumpe / Nennwärmeleistung: 11 kW / Leistungszahl (COP): 4,47 / Energie-Effizienzklasse Raumheizung bei 35°C: A / verwendbar für: Heizungswasser, Trinkwasser, Kühlwasser / Serie: Rotex HPSU / Energieträger: Luftwärme, Elektrizität / maximale ...",Rotex HPSU compact (11 kW),8456.25, Rotex HPSU compact (11 kW),11,254469,/preisvergleich/Relocate/503848501.html?categoryId=18459&pos=4&price=8456.25&productid=2603672&sid=254469&type=offer,2603672,18459, Wär­me­pum­pen Paket HPSU com­pact 11 kW H/C mit En­er­gie­spei­cher 500 Ltr.
"Luft/Wasser-Wärmepumpe / Nennwärmeleistung: 11,3 kW / Leistungszahl (COP): 3,7 / Energie-Effizienzklasse Raumheizung bei 35°C: A / verwendbar für: Heizungswasser / Serie: Stiebel Eltron WPL / Energieträger: Luftwärme, Elektrizität / maximale Vorlauftemperatur: 60 °C / Temperatur-Obergrenze: 40 °C / ...","Stiebel Eltron WPL 18 (11,3 kW)",8178.5," Stiebel Eltron WPL 18 (11,3 kW)","11,3",280623,/preisvergleich/Relocate/351171180.html?categoryId=18459&pos=4&price=8178.5&productid=790063&sid=280623&type=offer,790063,18459," Stie­bel Eltron 227757 - Hei­zungs-Wär­me­pum­pe WPL 18 E, Luft/Was­ser-Wär­me­pum­pe"
"Luft/Wasser-Wärmepumpe / Nennwärmeleistung: 9 kW / Leistungszahl (COP): 3,9 / Energie-Effizienzklasse Raumheizung bei 35°C: A / verwendbar für: Heizungswasser / Serie: Viessmann Vitocal / Energieträger: Luftwärme, Elektrizität / maximale Vorlauftemperatur: 50 °C / Temperatur-Obergrenze: 35 °C / ...",Viessmann Vitocal 300-A AWCI-AC 301.A (9 kW),8965.99, Viessmann Vitocal 300-A AWCI-AC 301.A (9 kW),9,276812,/preisvergleich/Relocate/387843383.html?categoryId=18459&pos=4&price=8965.99&productid=1066890&sid=276812&type=offer,1066890,18459," Viess­mann Vi­to­cal 300-A, 3-9kW re­ver­si­bel AW­CI-AC"
"Luft/Wasser-Wärmepumpe, Split-Wärmepumpe, Inverter-Wärmepumpe / Nennwärmeleistung: 5,6 kW / Leistungszahl (COP): 3,24 / Energie-Effizienzklasse Raumheizung bei 35°C: D / verwendbar für: Heizungswasser, Trinkwasser / Serie: Viessmann Vitocal / Energieträger: Luftwärme, Elektrizität / maximale ...","Viessmann Vitocal 200-S AWB201.B07 (5,6 kW)",4385.0," Viessmann Vitocal 200-S AWB201.B07 (5,6 kW)","5,6",9701,/preisvergleich/Relocate/472980798.html?categoryId=18459&pos=4&price=4385.0&productid=4646937&sid=9701&type=offer,4646937,18459, 
"Luft/Wasser-Wärmepumpe, Split-Wärmepumpe, Trinkwasser-Wärmepumpe, Inverter-Wärmepumpe / Nennwärmeleistung: 5,51 kW / Leistungszahl (COP): 3,54 / Energie-Effizienzklasse Raumheizung bei 35°C: B / verwendbar für: Heizungswasser, Trinkwasser, Kühlwasser / Serie: Rotex HPSU / Energieträger: Luftwärme, ...",Rotex HPSU compact (8 kW),6112.0, Rotex HPSU compact (8 kW),"5,51",9701,/preisvergleich/Relocate/323031937.html?categoryId=18459&pos=1&price=6112.0&productid=2611201&sid=9701&type=offer,2611201,18459, 
"Trinkwasser-Wärmepumpe, Luft/Wasser-Wärmepumpe / Nennwärmeleistung: 1,6 kW / Leistungszahl (COP): 4,1 / Energie-Effizienzklasse Raumheizung bei 55°C: A Watt / verwendbar für: Trinkwasser / Serie: Stiebel Eltron WWK / Energieträger: Luftwärme, Elektrizität / maximale Vorlauftemperatur: 55 °C / ...","Stiebel Eltron WWK 300 (1,6 kW)",2175.0," Stiebel Eltron WWK 300 (1,6 kW)","1,6",3500,/preisvergleich/Relocate/364629093.html?categoryId=18459&pos=4&price=2175.0&productid=1434231&sid=3500&type=offer,1434231,18459, Stie­bel-El­t­ron WWK 300
"Luft/Wasser-Wärmepumpe / Nennwärmeleistung: 6,7 kW / Leistungszahl (COP): 3,51 / Energie-Effizienzklasse Raumheizung bei 55°C: A Watt / Energie-Effizienzklasse Raumheizung bei 35°C: B / verwendbar für: Heizungswasser, Kühlwasser / Serie: Stiebel Eltron WPL / Energieträger: Luftwärme, Elektrizität / ...","Stiebel Eltron WPL 10 AC (6,7 kW)",8610.3," Stiebel Eltron WPL 10 AC (6,7 kW)","6,7",280623,/preisvergleich/Relocate/351171181.html?categoryId=18459&pos=6&price=8610.3&productid=1097040&sid=280623&type=offer,1097040,18459, Stie­bel Eltron 231789 - Hei­zungs­wär­me­pum­pe WPL 10 AC Ak­ti­ons­set 2
"Luft/Wasser-Wärmepumpe, Trinkwasser-Wärmepumpe / Nennwärmeleistung: 1,67 kW / Leistungszahl (COP): 3,7 / verwendbar für: Trinkwasser, Luftkühlung / Serie: Viessmann Vitocal / Energieträger: Luftwärme, Elektrizität / maximale Vorlauftemperatur: 65 °C / Wasserinhalt im Kessel: 308 Liter / ...","Viessmann Vitocal 161-A WWK (1,67 kW)",1976.9," Viessmann Vitocal 161-A WWK (1,67 kW)","1,67",288366,/preisvergleich/Relocate/492020669.html?categoryId=18459&pos=1&price=1976.9&productid=4636818&sid=288366&type=offer,4636818,18459, Viess­mann Vi­to­cal 161-A Typ WWK Warm­was­ser Wär­me­pum­pe für Um­luft­be­trieb
"Luft/Wasser-Wärmepumpe, Trinkwasser-Wärmepumpe / Nennwärmeleistung: 2,52 kW / Leistungszahl (COP): 4,3 / verwendbar für: Trinkwasser / Serie: Buderus Logatherm / Energieträger: Luftwärme, Elektrizität / maximale Vorlauftemperatur: 60 °C / Wasserinhalt im Kessel: 260 Liter / Temperatur-Untergrenze: 5 ...","Buderus Logatherm WPT270/2 I-S (2,52 kW)",1823.27," Buderus Logatherm WPT270/2 I-S (2,52 kW)","2,52",276812,/preisvergleich/Relocate/478136739.html?categoryId=18459&pos=1&price=1823.27&productid=4247475&sid=276812&type=offer,4247475,18459, Bu­de­rus Trink­was­ser-Wär­me­pum­pe WPT 270/2 I-S
"Luft/Wasser-Wärmepumpe, Trinkwasser-Wärmepumpe / Nennwärmeleistung: 14,5 kW / Leistungszahl (COP): 3,5 / Energie-Effizienzklasse Raumheizung bei 35°C: B / verwendbar für: Heizungswasser, Trinkwasser / Serie: Viessmann Vitocal / Energieträger: Luftwärme, Elektrizität / maximale Vorlauftemperatur: 65 ...","Viessmann Vitocal 350-A AWHI 351.A14 (14,5 kW)",10160.99," Viessmann Vitocal 350-A AWHI 351.A14 (14,5 kW)","14,5",276812,/preisvergleich/Relocate/387842579.html?categoryId=18459&pos=1&price=10160.99&productid=3460311&sid=276812&type=offer,3460311,18459," VIESS­MANN Vi­to­cal 350-A Typ AWHI 351.A 14,5 kW - AWHI 351.A14"
"Luft/Wasser-Wärmepumpe, Split-Wärmepumpe / Nennwärmeleistung: 9,7 kW / Leistungszahl (COP): 3,6 / Energie-Effizienzklasse Raumheizung bei 35°C: B / verwendbar für: Heizungswasser / Serie: Vaillant geoTherm / Energieträger: Luftwärme, Elektrizität / maximale Vorlauftemperatur: 62 °C / Wasserinhalt im ...","Vaillant geoTherm plus VWL 102/3 S (9,7 kW)",11063.14," Vaillant geoTherm plus VWL 102/3 S (9,7 kW)","9,7",289859,/preisvergleich/Relocate/325814426.html?categoryId=18459&pos=1&price=11063.14&productid=2443895&sid=289859&type=offer,2443895,18459, geo­THERM plus VWL 102/3 S Vail­lant
"Trinkwasser-Wärmepumpe, Luft/Wasser-Wärmepumpe / Nennwärmeleistung: 5,6 kW / Leistungszahl (COP): 3,24 / Energie-Effizienzklasse Raumheizung bei 35°C: D / verwendbar für: Heizungswasser, Trinkwasser, Kühlwasser / Serie: Viessmann Vitocal / Energieträger: Luftwärme, Elektrizität / maximale ...","Viessmann Vitocal 222-S (5,6 kW)",5710.99," Viessmann Vitocal 222-S (5,6 kW)","5,6",276812,/preisvergleich/Relocate/387844158.html?categoryId=18459&pos=1&price=5710.99&productid=3393707&sid=276812&type=offer,3393707,18459," VIESS­MANN Vi­to­cal 222-S Typ AWT-AC221.A/B AWT-AC 221.A07 - 5,6 kW"
"Luft/Wasser-Wärmepumpe, Split-Wärmepumpe, Inverter-Wärmepumpe / Nennwärmeleistung: 10,1 kW / Leistungszahl (COP): 3,15 / Energie-Effizienzklasse Raumheizung bei 35°C: D / verwendbar für: Heizungswasser, Trinkwasser, Kühlwasser / Serie: Rotex HPSU / Energieträger: Luftwärme, Elektrizität, ...",Rotex HPSU compact (16 kW),9498.0, Rotex HPSU compact (16 kW),"10,1",223861,/preisvergleich/Relocate/367008553.html?categoryId=18459&pos=5&price=9498.0&productid=2608865&sid=223861&type=offer,2608865,18459, Rotex Paket 30C Luft-/Was­ser Wär­me­pum­pe HPSU com­pact 516 Biv 16 kW + Spei­cher
"Luft/Wasser-Wärmepumpe, Split-Wärmepumpe, Trinkwasser-Wärmepumpe / Nennwärmeleistung: 11 kW / Leistungszahl (COP): 4,47 / Energie-Effizienzklasse Raumheizung bei 35°C: A / verwendbar für: Heizungswasser, Trinkwasser, Kühlwasser / Serie: Rotex HPSU / Energieträger: Luftwärme, Elektrizität / maximale ...",Rotex HPSU compact (11 kW),8669.0, Rotex HPSU compact (11 kW),11,223861,/preisvergleich/Relocate/367008565.html?categoryId=18459&pos=5&price=8669.0&productid=2603672&sid=223861&type=offer,2603672,18459, Rotex Paket 28C Luft-/Was­ser Wär­me­pum­pe HPSU com­pact 516 Biv 11 kW Spei­cher
"Luft/Wasser-Wärmepumpe / Nennwärmeleistung: 11,3 kW / Leistungszahl (COP): 3,7 / Energie-Effizienzklasse Raumheizung bei 35°C: A / verwendbar für: Heizungswasser / Serie: Stiebel Eltron WPL / Energieträger: Luftwärme, Elektrizität / maximale Vorlauftemperatur: 60 °C / Temperatur-Obergrenze: 40 °C / ...","Stiebel Eltron WPL 18 (11,3 kW)",8383.27," Stiebel Eltron WPL 18 (11,3 kW)","11,3",9701,/preisvergleich/Relocate/540734551.html?categoryId=18459&pos=5&price=8383.27&productid=790063&sid=9701&type=offer,790063,18459, 
"Luft/Wasser-Wärmepumpe / Nennwärmeleistung: 9 kW / Leistungszahl (COP): 3,9 / Energie-Effizienzklasse Raumheizung bei 35°C: A / verwendbar für: Heizungswasser / Serie: Viessmann Vitocal / Energieträger: Luftwärme, Elektrizität / maximale Vorlauftemperatur: 50 °C / Temperatur-Obergrenze: 35 °C / ...",Viessmann Vitocal 300-A AWCI-AC 301.A (9 kW),9262.13, Viessmann Vitocal 300-A AWCI-AC 301.A (9 kW),9,297223,/preisvergleich/Relocate/436143921.html?categoryId=18459&pos=5&price=9262.13&productid=1066890&sid=297223&type=offer,1066890,18459," VIESS­MANN Vi­to­cal 300-A, Typ AW­CI-AC301. A Luft/Was­ser-Wär­me­pum­pe mit 3-9 kW"
"Luft/Wasser-Wärmepumpe, Split-Wärmepumpe, Inverter-Wärmepumpe / Nennwärmeleistung: 5,6 kW / Leistungszahl (COP): 3,24 / Energie-Effizienzklasse Raumheizung bei 35°C: D / verwendbar für: Heizungswasser, Trinkwasser / Serie: Viessmann Vitocal / Energieträger: Luftwärme, Elektrizität / maximale ...","Viessmann Vitocal 200-S AWB201.B07 (5,6 kW)",4417.99," Viessmann Vitocal 200-S AWB201.B07 (5,6 kW)","5,6",276812,/preisvergleich/Relocate/387842803.html?categoryId=18459&pos=5&price=4417.99&productid=4646937&sid=276812&type=offer,4646937,18459," VIESS­MANN Vi­to­cal 200-S Typ AWB-AC 201.B/C AWB-AC 201.B07 - 5,6 kW"
"Luft/Wasser-Wärmepumpe, Split-Wärmepumpe, Trinkwasser-Wärmepumpe, Inverter-Wärmepumpe / Nennwärmeleistung: 5,51 kW / Leistungszahl (COP): 3,54 / Energie-Effizienzklasse Raumheizung bei 35°C: B / verwendbar für: Heizungswasser, Trinkwasser, Kühlwasser / Serie: Rotex HPSU / Energieträger: Luftwärme, ...",Rotex HPSU compact (8 kW),6288.0, Rotex HPSU compact (8 kW),"5,51",223861,/preisvergleich/Relocate/367008570.html?categoryId=18459&pos=2&price=6288.0&productid=2611201&sid=223861&type=offer,2611201,18459, Rotex Paket 21C Luft-/Was­ser-Wär­me­pum­pe HPSU com­pact 308 8 kW+ 300 L Spei­cher
"Trinkwasser-Wärmepumpe, Luft/Wasser-Wärmepumpe / Nennwärmeleistung: 1,6 kW / Leistungszahl (COP): 4,1 / Energie-Effizienzklasse Raumheizung bei 55°C: A Watt / verwendbar für: Trinkwasser / Serie: Stiebel Eltron WWK / Energieträger: Luftwärme, Elektrizität / maximale Vorlauftemperatur: 55 °C / ...","Stiebel Eltron WWK 300 (1,6 kW)",2232.3," Stiebel Eltron WWK 300 (1,6 kW)","1,6",280623,/preisvergleich/Relocate/351170771.html?categoryId=18459&pos=5&price=2232.3&productid=1434231&sid=280623&type=offer,1434231,18459, Stie­bel Eltron 231210 - Warm­was­ser Wär­me­pum­pe WWK 300 elec­tro­nic
"Luft/Wasser-Wärmepumpe, Trinkwasser-Wärmepumpe / Nennwärmeleistung: 1,67 kW / Leistungszahl (COP): 3,7 / verwendbar für: Trinkwasser, Luftkühlung / Serie: Viessmann Vitocal / Energieträger: Luftwärme, Elektrizität / maximale Vorlauftemperatur: 65 °C / Wasserinhalt im Kessel: 308 Liter / ...","Viessmann Vitocal 161-A WWK (1,67 kW)",2055.66," Viessmann Vitocal 161-A WWK (1,67 kW)","1,67",294528,/preisvergleich/Relocate/559985719.html?categoryId=18459&pos=2&price=2055.66&productid=4636818&sid=294528&type=offer,4636818,18459, Warm­was­ser­wär­me­pum­pe Vi­to­cal 161-A
"Luft/Wasser-Wärmepumpe, Trinkwasser-Wärmepumpe / Nennwärmeleistung: 2,52 kW / Leistungszahl (COP): 4,3 / verwendbar für: Trinkwasser / Serie: Buderus Logatherm / Energieträger: Luftwärme, Elektrizität / maximale Vorlauftemperatur: 60 °C / Wasserinhalt im Kessel: 260 Liter / Temperatur-Untergrenze: 5 ...","Buderus Logatherm WPT270/2 I-S (2,52 kW)",1919.0," Buderus Logatherm WPT270/2 I-S (2,52 kW)","2,52",9701,/preisvergleich/Relocate/447473948.html?categoryId=18459&pos=2&price=1919.0&productid=4247475&sid=9701&type=offer,4247475,18459, 
"Luft/Wasser-Wärmepumpe, Trinkwasser-Wärmepumpe / Nennwärmeleistung: 14,5 kW / Leistungszahl (COP): 3,5 / Energie-Effizienzklasse Raumheizung bei 35°C: B / verwendbar für: Heizungswasser, Trinkwasser / Serie: Viessmann Vitocal / Energieträger: Luftwärme, Elektrizität / maximale Vorlauftemperatur: 65 ...","Viessmann Vitocal 350-A AWHI 351.A14 (14,5 kW)",10496.63," Viessmann Vitocal 350-A AWHI 351.A14 (14,5 kW)","14,5",297223,/preisvergleich/Relocate/436143494.html?categoryId=18459&pos=2&price=10496.63&productid=3460311&sid=297223&type=offer,3460311,18459," VIESS­MANN Vi­to­cal 350-A, Typ AWHI351. A14 Luft/Was­ser-Wär­me­pum­pe mit 14, 5 kW"
"Luft/Wasser-Wärmepumpe, Split-Wärmepumpe / Nennwärmeleistung: 9,7 kW / Leistungszahl (COP): 3,6 / Energie-Effizienzklasse Raumheizung bei 35°C: B / verwendbar für: Heizungswasser / Serie: Vaillant geoTherm / Energieträger: Luftwärme, Elektrizität / maximale Vorlauftemperatur: 62 °C / Wasserinhalt im ...","Vaillant geoTherm plus VWL 102/3 S (9,7 kW)",11199.0," Vaillant geoTherm plus VWL 102/3 S (9,7 kW)","9,7",299983,/preisvergleich/Relocate/598384323.html?categoryId=18459&pos=2&price=11199.0&productid=2443895&sid=299983&type=offer,2443895,18459, Vail­lant Vail­lant Hei­zungs-Wär­me­pum­pe VWL 102/3 S
"Trinkwasser-Wärmepumpe, Luft/Wasser-Wärmepumpe / Nennwärmeleistung: 5,6 kW / Leistungszahl (COP): 3,24 / Energie-Effizienzklasse Raumheizung bei 35°C: D / verwendbar für: Heizungswasser, Trinkwasser, Kühlwasser / Serie: Viessmann Vitocal / Energieträger: Luftwärme, Elektrizität / maximale ...","Viessmann Vitocal 222-S (5,6 kW)",5788.0," Viessmann Vitocal 222-S (5,6 kW)","5,6",9701,/preisvergleich/Relocate/437653507.html?categoryId=18459&pos=2&price=5788.0&productid=3393707&sid=9701&type=offer,3393707,18459, 
"Luft/Wasser-Wärmepumpe, Inverter-Wärmepumpe / Nennwärmeleistung: 8,33 kW / Leistungszahl (COP): 4,17 / Energie-Effizienzklasse Raumheizung bei 55°C: A++ Watt / Energie-Effizienzklasse Raumheizung bei 35°C: A / verwendbar für: Heizungswasser / Serie: Stiebel Eltron WPL / Energieträger: Luftwärme, ...","Stiebel Eltron WPL 25 A (8,33 kW)",10409.0," Stiebel Eltron WPL 25 A (8,33 kW)","8,33",280623,/preisvergleich/Relocate/492717416.html?categoryId=18459&pos=1&price=10409.0&productid=4637955&sid=280623&type=offer,4637955,18459, Stie­bel Eltron 232493 - In­ver­ter-Wär­me­pum­pe WPL 25 A Luft-Was­ser Wär­me­pum­pe
"Luft/Wasser-Wärmepumpe, Split-Wärmepumpe, Trinkwasser-Wärmepumpe, Inverter-Wärmepumpe / Nennwärmeleistung: 5,51 kW / Leistungszahl (COP): 3,54 / Energie-Effizienzklasse Raumheizung bei 35°C: B / verwendbar für: Heizungswasser, Trinkwasser, Kühlwasser / Serie: Rotex HPSU / Energieträger: Luftwärme, ...",Rotex HPSU compact 500 Liter (8 kW),6649.0, Rotex HPSU compact 500 Liter (8 kW),"5,51",223861,/preisvergleich/Relocate/367008575.html?categoryId=18459&pos=1&price=6649.0&productid=4637291&sid=223861&type=offer,4637291,18459, Rotex Paket 3C Luft-/Was­ser Wär­me­pum­pe HPSU com­pact 508 8 kW-9X + 500 L Spei­cher
"Luft/Wasser-Wärmepumpe / Nennwärmeleistung: 11,3 kW / Leistungszahl (COP): 3,7 / Energie-Effizienzklasse Raumheizung bei 35°C: A / verwendbar für: Heizungswasser / Serie: Stiebel Eltron WPL / Energieträger: Luftwärme, Elektrizität / maximale Vorlauftemperatur: 60 °C / Temperatur-Obergrenze: 40 °C / ...","Stiebel Eltron WPL 18 (11,3 kW)",8635.0," Stiebel Eltron WPL 18 (11,3 kW)","11,3",9701,/preisvergleich/Relocate/602308926.html?categoryId=18459&pos=6&price=8635.0&productid=790063&sid=9701&type=offer,790063,18459, 
"Luft/Wasser-Wärmepumpe / Nennwärmeleistung: 9 kW / Leistungszahl (COP): 3,9 / Energie-Effizienzklasse Raumheizung bei 35°C: A / verwendbar für: Heizungswasser / Serie: Viessmann Vitocal / Energieträger: Luftwärme, Elektrizität / maximale Vorlauftemperatur: 50 °C / Temperatur-Obergrenze: 35 °C / ...",Viessmann Vitocal 300-A AWCI-AC 301.A (9 kW),10302.54, Viessmann Vitocal 300-A AWCI-AC 301.A (9 kW),9,297223,/preisvergleich/Relocate/436142860.html?categoryId=18459&pos=6&price=10302.54&productid=1066890&sid=297223&type=offer,1066890,18459," VIESS­MANN Vi­to­cal 300-A, Typ AW­CI-AC301. A Luft/Was­ser-Wär­me­pum­pe mit 3-9 kW"
"Luft/Wasser-Wärmepumpe, Split-Wärmepumpe, Inverter-Wärmepumpe / Nennwärmeleistung: 5,6 kW / Leistungszahl (COP): 3,24 / Energie-Effizienzklasse Raumheizung bei 35°C: D / verwendbar für: Heizungswasser, Trinkwasser / Serie: Viessmann Vitocal / Energieträger: Luftwärme, Elektrizität / maximale ...","Viessmann Vitocal 200-S AWB201.B07 (5,6 kW)",4564.01," Viessmann Vitocal 200-S AWB201.B07 (5,6 kW)","5,6",297223,/preisvergleich/Relocate/436147318.html?categoryId=18459&pos=6&price=4564.01&productid=4646937&sid=297223&type=offer,4646937,18459," VIESS­MANN Vi­to­cal 200-S, TypAWB-AC201. B07 Split Luft/Was­ser-Wär­me­pum­pe mit 5, 6 kW"
"Luft/Wasser-Wärmepumpe, Split-Wärmepumpe, Trinkwasser-Wärmepumpe, Inverter-Wärmepumpe / Nennwärmeleistung: 5,51 kW / Leistungszahl (COP): 3,54 / Energie-Effizienzklasse Raumheizung bei 35°C: B / verwendbar für: Heizungswasser, Trinkwasser, Kühlwasser / Serie: Rotex HPSU / Energieträger: Luftwärme, ...",Rotex HPSU compact (8 kW),6307.0, Rotex HPSU compact (8 kW),"5,51",9701,/preisvergleich/Relocate/603435053.html?categoryId=18459&pos=3&price=6307.0&productid=2611201&sid=9701&type=offer,2611201,18459, 
"Trinkwasser-Wärmepumpe, Luft/Wasser-Wärmepumpe / Nennwärmeleistung: 1,6 kW / Leistungszahl (COP): 4,1 / Energie-Effizienzklasse Raumheizung bei 55°C: A Watt / verwendbar für: Trinkwasser / Serie: Stiebel Eltron WWK / Energieträger: Luftwärme, Elektrizität / maximale Vorlauftemperatur: 55 °C / ...","Stiebel Eltron WWK 300 (1,6 kW)",2321.95," Stiebel Eltron WWK 300 (1,6 kW)","1,6",299083,/preisvergleich/Relocate/500849924.html?categoryId=18459&pos=6&price=2321.95&productid=1434231&sid=299083&type=offer,1434231,18459, Stie­bel Eltron Brauch­was­ser-Wär­me­pum­pe WWK300elec­tro­nic
"Luft/Wasser-Wärmepumpe / Nennwärmeleistung: 24,5 kW / Leistungszahl (COP): 3,8 / Energie-Effizienzklasse Raumheizung bei 35°C: A / verwendbar für: Heizungswasser / Serie: Buderus Logatherm / Energieträger: Luftwärme, Elektrizität / maximale Vorlauftemperatur: 60 °C / Temperatur-Obergrenze: 35 °C / ...","Buderus Logatherm WPL 25 A (24,5 kW)",15429.0," Buderus Logatherm WPL 25 A (24,5 kW)","24,5",9701,/preisvergleich/Relocate/418084006.html?categoryId=18459&pos=1&price=15429.0&productid=3583170&sid=9701&type=offer,3583170,18459, 
"Luft/Wasser-Wärmepumpe, Trinkwasser-Wärmepumpe / Nennwärmeleistung: 1,67 kW / Leistungszahl (COP): 3,7 / verwendbar für: Trinkwasser, Luftkühlung / Serie: Viessmann Vitocal / Energieträger: Luftwärme, Elektrizität / maximale Vorlauftemperatur: 65 °C / Wasserinhalt im Kessel: 308 Liter / ...","Viessmann Vitocal 161-A WWK (1,67 kW)",2061.99," Viessmann Vitocal 161-A WWK (1,67 kW)","1,67",276812,/preisvergleich/Relocate/492716634.html?categoryId=18459&pos=3&price=2061.99&productid=4636818&sid=276812&type=offer,4636818,18459, Viess­mann Vi­to­cal 161-A WWK 111.A02
"Luft/Wasser-Wärmepumpe, Trinkwasser-Wärmepumpe / Nennwärmeleistung: 2,52 kW / Leistungszahl (COP): 4,3 / verwendbar für: Trinkwasser / Serie: Buderus Logatherm / Energieträger: Luftwärme, Elektrizität / maximale Vorlauftemperatur: 60 °C / Wasserinhalt im Kessel: 260 Liter / Temperatur-Untergrenze: 5 ...","Buderus Logatherm WPT270/2 I-S (2,52 kW)",1970.0," Buderus Logatherm WPT270/2 I-S (2,52 kW)","2,52",9701,/preisvergleich/Relocate/597453243.html?categoryId=18459&pos=3&price=1970.0&productid=4247475&sid=9701&type=offer,4247475,18459, 
"Luft/Wasser-Wärmepumpe, Trinkwasser-Wärmepumpe / Nennwärmeleistung: 14,5 kW / Leistungszahl (COP): 3,5 / Energie-Effizienzklasse Raumheizung bei 35°C: B / verwendbar für: Heizungswasser, Trinkwasser / Serie: Viessmann Vitocal / Energieträger: Luftwärme, Elektrizität / maximale Vorlauftemperatur: 65 ...","Viessmann Vitocal 350-A AWHI 351.A14 (14,5 kW)",11429.0," Viessmann Vitocal 350-A AWHI 351.A14 (14,5 kW)","14,5",9701,/preisvergleich/Relocate/445651429.html?categoryId=18459&pos=3&price=11429.0&productid=3460311&sid=9701&type=offer,3460311,18459, 
"Luft/Wasser-Wärmepumpe, Split-Wärmepumpe / Nennwärmeleistung: 9,7 kW / Leistungszahl (COP): 3,6 / Energie-Effizienzklasse Raumheizung bei 35°C: B / verwendbar für: Heizungswasser / Serie: Vaillant geoTherm / Energieträger: Luftwärme, Elektrizität / maximale Vorlauftemperatur: 62 °C / Wasserinhalt im ...","Vaillant geoTherm plus VWL 102/3 S (9,7 kW)",11498.0," Vaillant geoTherm plus VWL 102/3 S (9,7 kW)","9,7",9701,/preisvergleich/Relocate/564596380.html?categoryId=18459&pos=3&price=11498.0&productid=2443895&sid=9701&type=offer,2443895,18459, 
"Trinkwasser-Wärmepumpe, Luft/Wasser-Wärmepumpe / Nennwärmeleistung: 5,6 kW / Leistungszahl (COP): 3,24 / Energie-Effizienzklasse Raumheizung bei 35°C: D / verwendbar für: Heizungswasser, Trinkwasser, Kühlwasser / Serie: Viessmann Vitocal / Energieträger: Luftwärme, Elektrizität / maximale ...","Viessmann Vitocal 222-S (5,6 kW)",5899.31," Viessmann Vitocal 222-S (5,6 kW)","5,6",297223,/preisvergleich/Relocate/436142994.html?categoryId=18459&pos=3&price=5899.31&productid=3393707&sid=297223&type=offer,3393707,18459," VIESS­MANN Vi­to­cal 222-S, TypAWT-AC221. A07 Split Luft/Was­ser-Wär­me­pum­pe mit 5, 6 kW"
"Luft/Wasser-Wärmepumpe, Split-Wärmepumpe, Trinkwasser-Wärmepumpe, Inverter-Wärmepumpe / Nennwärmeleistung: 5,51 kW / Leistungszahl (COP): 3,54 / Energie-Effizienzklasse Raumheizung bei 35°C: B / verwendbar für: Heizungswasser, Trinkwasser, Kühlwasser / Serie: Rotex HPSU / Energieträger: Luftwärme, ...",Rotex HPSU compact 500 Liter (8 kW),6649.0, Rotex HPSU compact 500 Liter (8 kW),"5,51",9701,/preisvergleich/Relocate/445193694.html?categoryId=18459&pos=2&price=6649.0&productid=4637291&sid=9701&type=offer,4637291,18459, 
"Luft/Wasser-Wärmepumpe / Nennwärmeleistung: 9 kW / Leistungszahl (COP): 3,9 / Energie-Effizienzklasse Raumheizung bei 35°C: A / verwendbar für: Heizungswasser / Serie: Viessmann Vitocal / Energieträger: Luftwärme, Elektrizität / maximale Vorlauftemperatur: 50 °C / Temperatur-Obergrenze: 35 °C / ...",Viessmann Vitocal 300-A AWCI-AC 301.A (9 kW),10316.28, Viessmann Vitocal 300-A AWCI-AC 301.A (9 kW),9,294528,/preisvergleich/Relocate/559986577.html?categoryId=18459&pos=7&price=10316.28&productid=1066890&sid=294528&type=offer,1066890,18459, Vi­to­cal 300-A 9 KW für Fuß­bo­den­hei­zung und Trink­was­se­rer­wär­mung
"Luft/Wasser-Wärmepumpe, Split-Wärmepumpe, Inverter-Wärmepumpe / Nennwärmeleistung: 5,6 kW / Leistungszahl (COP): 3,24 / Energie-Effizienzklasse Raumheizung bei 35°C: D / verwendbar für: Heizungswasser, Trinkwasser / Serie: Viessmann Vitocal / Energieträger: Luftwärme, Elektrizität / maximale ...","Viessmann Vitocal 200-S AWB201.B07 (5,6 kW)",4915.99," Viessmann Vitocal 200-S AWB201.B07 (5,6 kW)","5,6",276812,/preisvergleich/Relocate/496854594.html?categoryId=18459&pos=7&price=4915.99&productid=4646937&sid=276812&type=offer,4646937,18459, Paket Vi­to­cal 200-S Split Luft/Was­ser-Wär­me­pu­me
"Luft/Wasser-Wärmepumpe, Split-Wärmepumpe, Trinkwasser-Wärmepumpe, Inverter-Wärmepumpe / Nennwärmeleistung: 5,51 kW / Leistungszahl (COP): 3,54 / Energie-Effizienzklasse Raumheizung bei 35°C: B / verwendbar für: Heizungswasser, Trinkwasser, Kühlwasser / Serie: Rotex HPSU / Energieträger: Luftwärme, ...",Rotex HPSU compact (8 kW),6359.0, Rotex HPSU compact (8 kW),"5,51",223861,/preisvergleich/Relocate/367008576.html?categoryId=18459&pos=4&price=6359.0&productid=2611201&sid=223861&type=offer,2611201,18459, Rotex Paket 25C Luft-/Was­ser-Wär­me­pum­pe HPSU com­pact 308 Biv 8 kW + Spei­cher
"Trinkwasser-Wärmepumpe, Luft/Wasser-Wärmepumpe / Nennwärmeleistung: 1,6 kW / Leistungszahl (COP): 4,1 / Energie-Effizienzklasse Raumheizung bei 55°C: A Watt / verwendbar für: Trinkwasser / Serie: Stiebel Eltron WWK / Energieträger: Luftwärme, Elektrizität / maximale Vorlauftemperatur: 55 °C / ...","Stiebel Eltron WWK 300 (1,6 kW)",2321.95," Stiebel Eltron WWK 300 (1,6 kW)","1,6",11821,/preisvergleich/Relocate/496619994.html?categoryId=18459&pos=7&price=2321.95&productid=1434231&sid=11821&type=offer,1434231,18459, Stie­bel Eltron Brauch­was­ser-Wär­me­pum­pe WWK300elec­tro­nic
"Luft/Wasser-Wärmepumpe / Nennwärmeleistung: 24,5 kW / Leistungszahl (COP): 3,8 / Energie-Effizienzklasse Raumheizung bei 35°C: A / verwendbar für: Heizungswasser / Serie: Buderus Logatherm / Energieträger: Luftwärme, Elektrizität / maximale Vorlauftemperatur: 60 °C / Temperatur-Obergrenze: 35 °C / ...","Buderus Logatherm WPL 25 A (24,5 kW)",15798.0," Buderus Logatherm WPL 25 A (24,5 kW)","24,5",9701,/preisvergleich/Relocate/590042277.html?categoryId=18459&pos=2&price=15798.0&productid=3583170&sid=9701&type=offer,3583170,18459, 
"Luft/Wasser-Wärmepumpe, Trinkwasser-Wärmepumpe / Nennwärmeleistung: 1,67 kW / Leistungszahl (COP): 3,7 / verwendbar für: Trinkwasser, Luftkühlung / Serie: Viessmann Vitocal / Energieträger: Luftwärme, Elektrizität / maximale Vorlauftemperatur: 65 °C / Wasserinhalt im Kessel: 308 Liter / ...","Viessmann Vitocal 161-A WWK (1,67 kW)",2250.0," Viessmann Vitocal 161-A WWK (1,67 kW)","1,67",254469,/preisvergleich/Relocate/499372029.html?categoryId=18459&pos=4&price=2250.0&productid=4636818&sid=254469&type=offer,4636818,18459, Viess­mann Vi­to­cal 161A Warm­was­ser Wär­me­pum­pe f. Um­luft­be­trieb ohne Wär­me­tau­scher
"Luft/Wasser-Wärmepumpe, Trinkwasser-Wärmepumpe / Nennwärmeleistung: 2,52 kW / Leistungszahl (COP): 4,3 / verwendbar für: Trinkwasser / Serie: Buderus Logatherm / Energieträger: Luftwärme, Elektrizität / maximale Vorlauftemperatur: 60 °C / Wasserinhalt im Kessel: 260 Liter / Temperatur-Untergrenze: 5 ...","Buderus Logatherm WPT270/2 I-S (2,52 kW)",2199.5," Buderus Logatherm WPT270/2 I-S (2,52 kW)","2,52",288366,/preisvergleich/Relocate/425968242.html?categoryId=18459&pos=4&price=2199.5&productid=4247475&sid=288366&type=offer,4247475,18459," Bu­de­rus Lo­ga­therm WPT 270/2 I - S Trink­was­ser-Wär­me­pum­pe, Raum­luft­nut­zung mit Wär­me­tau­scher"
"Luft/Wasser-Wärmepumpe, Split-Wärmepumpe / Nennwärmeleistung: 9,7 kW / Leistungszahl (COP): 3,6 / Energie-Effizienzklasse Raumheizung bei 35°C: B / verwendbar für: Heizungswasser / Serie: Vaillant geoTherm / Energieträger: Luftwärme, Elektrizität / maximale Vorlauftemperatur: 62 °C / Wasserinhalt im ...","Vaillant geoTherm plus VWL 102/3 S (9,7 kW)",11498.0," Vaillant geoTherm plus VWL 102/3 S (9,7 kW)","9,7",9701,/preisvergleich/Relocate/437216123.html?categoryId=18459&pos=4&price=11498.0&productid=2443895&sid=9701&type=offer,2443895,18459, 
"Trinkwasser-Wärmepumpe, Luft/Wasser-Wärmepumpe / Nennwärmeleistung: 5,6 kW / Leistungszahl (COP): 3,24 / Energie-Effizienzklasse Raumheizung bei 35°C: D / verwendbar für: Heizungswasser, Trinkwasser, Kühlwasser / Serie: Viessmann Vitocal / Energieträger: Luftwärme, Elektrizität / maximale ...","Viessmann Vitocal 222-S (5,6 kW)",6008.43," Viessmann Vitocal 222-S (5,6 kW)","5,6",297223,/preisvergleich/Relocate/436147658.html?categoryId=18459&pos=4&price=6008.43&productid=3393707&sid=297223&type=offer,3393707,18459," VIESS­MANN Vi­to­cal 222-S, TypAWT-AC221. A07 Split Luft/Was­ser-Wär­me­pum­pe mit 5, 6 kW"
"Luft/Wasser-Wärmepumpe, Split-Wärmepumpe, Trinkwasser-Wärmepumpe, Inverter-Wärmepumpe / Nennwärmeleistung: 5,51 kW / Leistungszahl (COP): 3,54 / Energie-Effizienzklasse Raumheizung bei 35°C: B / verwendbar für: Heizungswasser, Trinkwasser, Kühlwasser / Serie: Rotex HPSU / Energieträger: Luftwärme, ...",Rotex HPSU compact 500 Liter (8 kW),6683.0, Rotex HPSU compact 500 Liter (8 kW),"5,51",9701,/preisvergleich/Relocate/323030981.html?categoryId=18459&pos=3&price=6683.0&productid=4637291&sid=9701&type=offer,4637291,18459, 
"Luft/Wasser-Wärmepumpe / Nennwärmeleistung: 9 kW / Leistungszahl (COP): 3,9 / Energie-Effizienzklasse Raumheizung bei 35°C: A / verwendbar für: Heizungswasser / Serie: Viessmann Vitocal / Energieträger: Luftwärme, Elektrizität / maximale Vorlauftemperatur: 50 °C / Temperatur-Obergrenze: 35 °C / ...",Viessmann Vitocal 300-A AWCI-AC 301.A (9 kW),11010.59, Viessmann Vitocal 300-A AWCI-AC 301.A (9 kW),9,297223,/preisvergleich/Relocate/436147465.html?categoryId=18459&pos=8&price=11010.59&productid=1066890&sid=297223&type=offer,1066890,18459," VIESS­MANN Vi­to­cal 300-A, Typ AW­CI-AC301. A Luft/Was­ser-Wär­me­pum­pe mit 3-9 kW"
"Luft/Wasser-Wärmepumpe, Split-Wärmepumpe, Inverter-Wärmepumpe / Nennwärmeleistung: 5,6 kW / Leistungszahl (COP): 3,24 / Energie-Effizienzklasse Raumheizung bei 35°C: D / verwendbar für: Heizungswasser, Trinkwasser / Serie: Viessmann Vitocal / Energieträger: Luftwärme, Elektrizität / maximale ...","Viessmann Vitocal 200-S AWB201.B07 (5,6 kW)",5077.97," Viessmann Vitocal 200-S AWB201.B07 (5,6 kW)","5,6",297223,/preisvergleich/Relocate/436147952.html?categoryId=18459&pos=8&price=5077.97&productid=4646937&sid=297223&type=offer,4646937,18459," VIESS­MANN Vi­to­cal 200-S, Typ AWB201. B07 Split Luft/Was­ser-Wär­me­pum­pe mit 5, 6 kW"
"Luft/Wasser-Wärmepumpe, Split-Wärmepumpe, Trinkwasser-Wärmepumpe, Inverter-Wärmepumpe / Nennwärmeleistung: 5,51 kW / Leistungszahl (COP): 3,54 / Energie-Effizienzklasse Raumheizung bei 35°C: B / verwendbar für: Heizungswasser, Trinkwasser, Kühlwasser / Serie: Rotex HPSU / Energieträger: Luftwärme, ...",Rotex HPSU compact (8 kW),6649.0, Rotex HPSU compact (8 kW),"5,51",223861,/preisvergleich/Relocate/367008575.html?categoryId=18459&pos=5&price=6649.0&productid=2611201&sid=223861&type=offer,2611201,18459, Rotex Paket 3C Luft-/Was­ser Wär­me­pum­pe HPSU com­pact 508 8 kW-9X + 500 L Spei­cher
"Trinkwasser-Wärmepumpe, Luft/Wasser-Wärmepumpe / Nennwärmeleistung: 1,6 kW / Leistungszahl (COP): 4,1 / Energie-Effizienzklasse Raumheizung bei 55°C: A Watt / verwendbar für: Trinkwasser / Serie: Stiebel Eltron WWK / Energieträger: Luftwärme, Elektrizität / maximale Vorlauftemperatur: 55 °C / ...","Stiebel Eltron WWK 300 (1,6 kW)",2335.19," Stiebel Eltron WWK 300 (1,6 kW)","1,6",293331,/preisvergleich/Relocate/429444850.html?categoryId=18459&pos=8&price=2335.19&productid=1434231&sid=293331&type=offer,1434231,18459, Stie­bel ELTRON Warm­was­ser Wa­er­me­pum­pe WWK 300 PV 231103 - 231103 565749
"Luft/Wasser-Wärmepumpe / Nennwärmeleistung: 24,5 kW / Leistungszahl (COP): 3,8 / Energie-Effizienzklasse Raumheizung bei 35°C: A / verwendbar für: Heizungswasser / Serie: Buderus Logatherm / Energieträger: Luftwärme, Elektrizität / maximale Vorlauftemperatur: 60 °C / Temperatur-Obergrenze: 35 °C / ...","Buderus Logatherm WPL 25 A (24,5 kW)",18823.12," Buderus Logatherm WPL 25 A (24,5 kW)","24,5",12041,/preisvergleich/Relocate/421332601.html?categoryId=18459&pos=3&price=18823.12&productid=3583170&sid=12041&type=offer,3583170,18459, 
"Luft/Wasser-Wärmepumpe, Trinkwasser-Wärmepumpe / Nennwärmeleistung: 1,67 kW / Leistungszahl (COP): 3,7 / verwendbar für: Trinkwasser, Luftkühlung / Serie: Viessmann Vitocal / Energieträger: Luftwärme, Elektrizität / maximale Vorlauftemperatur: 65 °C / Wasserinhalt im Kessel: 308 Liter / ...","Viessmann Vitocal 161-A WWK (1,67 kW)",2334.0," Viessmann Vitocal 161-A WWK (1,67 kW)","1,67",9701,/preisvergleich/Relocate/493102201.html?categoryId=18459&pos=5&price=2334.0&productid=4636818&sid=9701&type=offer,4636818,18459, 
"Luft/Wasser-Wärmepumpe, Trinkwasser-Wärmepumpe / Nennwärmeleistung: 2,52 kW / Leistungszahl (COP): 4,3 / verwendbar für: Trinkwasser / Serie: Buderus Logatherm / Energieträger: Luftwärme, Elektrizität / maximale Vorlauftemperatur: 60 °C / Wasserinhalt im Kessel: 260 Liter / Temperatur-Untergrenze: 5 ...","Buderus Logatherm WPT270/2 I-S (2,52 kW)",2302.47," Buderus Logatherm WPT270/2 I-S (2,52 kW)","2,52",12041,/preisvergleich/Relocate/597152752.html?categoryId=18459&pos=5&price=2302.47&productid=4247475&sid=12041&type=offer,4247475,18459, 
"Trinkwasser-Wärmepumpe, Luft/Wasser-Wärmepumpe / Nennwärmeleistung: 5,6 kW / Leistungszahl (COP): 3,24 / Energie-Effizienzklasse Raumheizung bei 35°C: D / verwendbar für: Heizungswasser, Trinkwasser, Kühlwasser / Serie: Viessmann Vitocal / Energieträger: Luftwärme, Elektrizität / maximale ...","Viessmann Vitocal 222-S (5,6 kW)",6431.0," Viessmann Vitocal 222-S (5,6 kW)","5,6",9701,/preisvergleich/Relocate/444615962.html?categoryId=18459&pos=5&price=6431.0&productid=3393707&sid=9701&type=offer,3393707,18459, 
"Luft/Wasser-Wärmepumpe, Split-Wärmepumpe, Trinkwasser-Wärmepumpe, Inverter-Wärmepumpe / Nennwärmeleistung: 5,51 kW / Leistungszahl (COP): 3,54 / Energie-Effizienzklasse Raumheizung bei 35°C: B / verwendbar für: Heizungswasser, Trinkwasser, Kühlwasser / Serie: Rotex HPSU / Energieträger: Luftwärme, ...",Rotex HPSU compact 500 Liter (8 kW),6959.0, Rotex HPSU compact 500 Liter (8 kW),"5,51",223861,/preisvergleich/Relocate/367008574.html?categoryId=18459&pos=4&price=6959.0&productid=4637291&sid=223861&type=offer,4637291,18459, Rotex Paket 27C Luft-/Was­ser-Wär­me­pum­pe HPSU com­pact 508 Biv 8 kW + Spei­cher
"Luft/Wasser-Wärmepumpe, Split-Wärmepumpe, Trinkwasser-Wärmepumpe, Inverter-Wärmepumpe / Nennwärmeleistung: 5,51 kW / Leistungszahl (COP): 3,54 / Energie-Effizienzklasse Raumheizung bei 35°C: B / verwendbar für: Heizungswasser, Trinkwasser, Kühlwasser / Serie: Rotex HPSU / Energieträger: Luftwärme, ...",Rotex HPSU compact (8 kW),6959.0, Rotex HPSU compact (8 kW),"5,51",223861,/preisvergleich/Relocate/367008574.html?categoryId=18459&pos=6&price=6959.0&productid=2611201&sid=223861&type=offer,2611201,18459, Rotex Paket 27C Luft-/Was­ser-Wär­me­pum­pe HPSU com­pact 508 Biv 8 kW + Spei­cher
"Trinkwasser-Wärmepumpe, Luft/Wasser-Wärmepumpe / Nennwärmeleistung: 1,6 kW / Leistungszahl (COP): 4,1 / Energie-Effizienzklasse Raumheizung bei 55°C: A Watt / verwendbar für: Trinkwasser / Serie: Stiebel Eltron WWK / Energieträger: Luftwärme, Elektrizität / maximale Vorlauftemperatur: 55 °C / ...","Stiebel Eltron WWK 300 (1,6 kW)",2360.99," Stiebel Eltron WWK 300 (1,6 kW)","1,6",28887,/preisvergleich/Relocate/526844858.html?categoryId=18459&pos=9&price=2360.99&productid=1434231&sid=28887&type=offer,1434231,18459, Warm­was­ser-Wär­me­pum­pe WWK 300
"Luft/Wasser-Wärmepumpe, Trinkwasser-Wärmepumpe / Nennwärmeleistung: 1,67 kW / Leistungszahl (COP): 3,7 / verwendbar für: Trinkwasser, Luftkühlung / Serie: Viessmann Vitocal / Energieträger: Luftwärme, Elektrizität / maximale Vorlauftemperatur: 65 °C / Wasserinhalt im Kessel: 308 Liter / ...","Viessmann Vitocal 161-A WWK (1,67 kW)",2334.0," Viessmann Vitocal 161-A WWK (1,67 kW)","1,67",9701,/preisvergleich/Relocate/505730610.html?categoryId=18459&pos=6&price=2334.0&productid=4636818&sid=9701&type=offer,4636818,18459, 
"Trinkwasser-Wärmepumpe, Luft/Wasser-Wärmepumpe / Nennwärmeleistung: 5,6 kW / Leistungszahl (COP): 3,24 / Energie-Effizienzklasse Raumheizung bei 35°C: D / verwendbar für: Heizungswasser, Trinkwasser, Kühlwasser / Serie: Viessmann Vitocal / Energieträger: Luftwärme, Elektrizität / maximale ...","Viessmann Vitocal 222-S (5,6 kW)",8169.99," Viessmann Vitocal 222-S (5,6 kW)","5,6",276812,/preisvergleich/Relocate/393614271.html?categoryId=18459&pos=6&price=8169.99&productid=3393707&sid=276812&type=offer,3393707,18459," VIESS­MANN Vi­to­cal 222-S Typ AWT-AC221.A/B AWT-AC 221.B10 - 7,5 kW"
"Trinkwasser-Wärmepumpe, Luft/Wasser-Wärmepumpe / Nennwärmeleistung: 1,6 kW / Leistungszahl (COP): 4,1 / Energie-Effizienzklasse Raumheizung bei 55°C: A Watt / verwendbar für: Trinkwasser / Serie: Stiebel Eltron WWK / Energieträger: Luftwärme, Elektrizität / maximale Vorlauftemperatur: 55 °C / ...","Stiebel Eltron WWK 300 (1,6 kW)",2381.0," Stiebel Eltron WWK 300 (1,6 kW)","1,6",9701,/preisvergleich/Relocate/569055830.html?categoryId=18459&pos=10&price=2381.0&productid=1434231&sid=9701&type=offer,1434231,18459, 
"Luft/Wasser-Wärmepumpe, Split-Wärmepumpe, Inverter-Wärmepumpe, Trinkwasser-Wärmepumpe / Nennwärmeleistung: 10,5 kW / Leistungszahl (COP): 3,6 / Energie-Effizienzklasse Raumheizung bei 35°C: B / verwendbar für: Heizungswasser, Trinkwasser, Luftkühlung / Serie: Dimplex LAW / Energieträger: Luftwärme, ...","Dimplex Splydro LAW 14IMR (10,5 kW)",8745.61," Dimplex Splydro LAW 14IMR (10,5 kW)","10,5",297223,/preisvergleich/Relocate/503468363.html?categoryId=18459&pos=1&price=8745.61&productid=4636875&sid=297223&type=offer,4636875,18459, DIM­PLEX 366710 LAW 14ITR Split Luft/Was­ser-Wär­me­pum­pe Sply­dro
"Luft/Wasser-Wärmepumpe, Trinkwasser-Wärmepumpe / Nennwärmeleistung: 2,52 kW / Leistungszahl (COP): 4,3 / verwendbar für: Trinkwasser / Serie: Buderus Logatherm / Energieträger: Luftwärme, Elektrizität / maximale Vorlauftemperatur: 60 °C / Wasserinhalt im Kessel: 260 Liter / Temperatur-Obergrenze: 35 ...","Buderus Logatherm WPT270/2 A-S (2,52 kW)",1923.23," Buderus Logatherm WPT270/2 A-S (2,52 kW)","2,52",276812,/preisvergleich/Relocate/478136753.html?categoryId=18459&pos=1&price=1923.23&productid=4247476&sid=276812&type=offer,4247476,18459, Bu­de­rus Trink­was­ser-Wär­me­pum­pe WPT 270/2 A-S
"Luft/Wasser-Wärmepumpe / Nennwärmeleistung: 6,7 kW / Leistungszahl (COP): 3,2 / Energie-Effizienzklasse Raumheizung bei 35°C: D / verwendbar für: Heizungswasser / Serie: Stiebel Eltron WPL / Energieträger: Luftwärme, Elektrizität / maximale Vorlauftemperatur: 60 °C / Temperatur-Obergrenze: 20 °C / ...","Stiebel Eltron WPL 10 IK (6,7 kW)",6699.0," Stiebel Eltron WPL 10 IK (6,7 kW)","6,7",280623,/preisvergleich/Relocate/351171152.html?categoryId=18459&pos=1&price=6699.0&productid=2415055&sid=280623&type=offer,2415055,18459," Stie­bel Eltron 220811 - Hei­zungs-Wär­me­pum­pe WPL 10 I, Luft/Was­ser-Wär­me­pum­pe"
"Trinkwasser-Wärmepumpe, Luft/Wasser-Wärmepumpe / Nennwärmeleistung: 5,6 kW / Leistungszahl (COP): 3,24 / Energie-Effizienzklasse Raumheizung bei 35°C: D / verwendbar für: Heizungswasser, Trinkwasser, Kühlwasser / Serie: Viessmann Vitocal / Energieträger: Luftwärme, Elektrizität / maximale ...","Viessmann Vitocal 222-S (5,6 kW)",8500.8," Viessmann Vitocal 222-S (5,6 kW)","5,6",294528,/preisvergleich/Relocate/559986170.html?categoryId=18459&pos=7&price=8500.8&productid=3393707&sid=294528&type=offer,3393707,18459," Wär­me­pum­pen Kom­pakt­ge­rät AWT-AC 221.B10 Split Vi­to­call 222-S 7,5KW"
"Trinkwasser-Wärmepumpe, Luft/Wasser-Wärmepumpe / Nennwärmeleistung: 1,6 kW / Leistungszahl (COP): 4,1 / Energie-Effizienzklasse Raumheizung bei 55°C: A Watt / verwendbar für: Trinkwasser / Serie: Stiebel Eltron WWK / Energieträger: Luftwärme, Elektrizität / maximale Vorlauftemperatur: 55 °C / ...","Stiebel Eltron WWK 300 (1,6 kW)",2441.0," Stiebel Eltron WWK 300 (1,6 kW)","1,6",299706,/preisvergleich/Relocate/601929868.html?categoryId=18459&pos=11&price=2441.0&productid=1434231&sid=299706&type=offer,1434231,18459, Stie­bel Eltron WWK 300
"Luft/Wasser-Wärmepumpe, Split-Wärmepumpe, Inverter-Wärmepumpe, Trinkwasser-Wärmepumpe / Nennwärmeleistung: 10,5 kW / Leistungszahl (COP): 3,6 / Energie-Effizienzklasse Raumheizung bei 35°C: B / verwendbar für: Heizungswasser, Trinkwasser, Luftkühlung / Serie: Dimplex LAW / Energieträger: Luftwärme, ...","Dimplex Splydro LAW 14IMR (10,5 kW)",8811.4," Dimplex Splydro LAW 14IMR (10,5 kW)","10,5",280623,/preisvergleich/Relocate/492017955.html?categoryId=18459&pos=2&price=8811.4&productid=4636875&sid=280623&type=offer,4636875,18459," Dim­plex LAW14ITR 366710 Split Luft/Was­ser-Wär­me­pum­pe ""Sply­dro"""
"Luft/Wasser-Wärmepumpe, Trinkwasser-Wärmepumpe / Nennwärmeleistung: 2,52 kW / Leistungszahl (COP): 4,3 / verwendbar für: Trinkwasser / Serie: Buderus Logatherm / Energieträger: Luftwärme, Elektrizität / maximale Vorlauftemperatur: 60 °C / Wasserinhalt im Kessel: 260 Liter / Temperatur-Obergrenze: 35 ...","Buderus Logatherm WPT270/2 A-S (2,52 kW)",2020.0," Buderus Logatherm WPT270/2 A-S (2,52 kW)","2,52",9701,/preisvergleich/Relocate/597453193.html?categoryId=18459&pos=2&price=2020.0&productid=4247476&sid=9701&type=offer,4247476,18459, 
"Luft/Wasser-Wärmepumpe / Nennwärmeleistung: 6,7 kW / Leistungszahl (COP): 3,2 / Energie-Effizienzklasse Raumheizung bei 35°C: D / verwendbar für: Heizungswasser / Serie: Stiebel Eltron WPL / Energieträger: Luftwärme, Elektrizität / maximale Vorlauftemperatur: 60 °C / Temperatur-Obergrenze: 20 °C / ...","Stiebel Eltron WPL 10 IK (6,7 kW)",8599.0," Stiebel Eltron WPL 10 IK (6,7 kW)","6,7",280623,/preisvergleich/Relocate/351171075.html?categoryId=18459&pos=2&price=8599.0&productid=2415055&sid=280623&type=offer,2415055,18459," Stie­bel Eltron 220826 - Hei­zungs-Wär­me­pum­pe WPL 10 IK, Luft/Was­ser-Wär­me­pum­pe"
"Luft/Wasser-Wärmepumpe, Split-Wärmepumpe, Inverter-Wärmepumpe / Nennwärmeleistung: 14 kW / Leistungszahl (COP): 3 / Energie-Effizienzklasse Raumheizung bei 35°C: E / verwendbar für: Heizungswasser, Trinkwasser / Serie: Mitsubishi Electric Zubadan / Energieträger: Luftwärme, Elektrizität / maximale ...","Mitsubishi Electric Zubadan 14,0 kW (1x PUHZ-SHW140YHA + 1x EHST20C-YM9EB)",9740.0," Mitsubishi Electric Zubadan 14,0 kW (1x PUHZ-SHW140YHA + 1x EHST20C-YM9EB)",14,9701,/preisvergleich/Relocate/542249620.html?categoryId=18459&pos=1&price=9740.0&productid=4201254&sid=9701&type=offer,4201254,18459, 
"Luft/Wasser-Wärmepumpe / Nennwärmeleistung: 10,4 kW / Leistungszahl (COP): 3,4 / Energie-Effizienzklasse Raumheizung bei 35°C: C / verwendbar für: Heizungswasser, Trinkwasser / Serie: Buderus Logatherm / Energieträger: Luftwärme, Elektrizität / maximale Vorlauftemperatur: 60 °C / ...","Buderus Logatherm WPL 10 IK (10,4 kW)",10398.0," Buderus Logatherm WPL 10 IK (10,4 kW)","10,4",9701,/preisvergleich/Relocate/603633211.html?categoryId=18459&pos=1&price=10398.0&productid=3582998&sid=9701&type=offer,3582998,18459, 
"Luft/Wasser-Wärmepumpe / verwendbar für: Heizungswasser / Serie: Stiebel Eltron LWM / Energieträger: Luftwärme, Elektrizität / Schalldruckpegel: 43 dB / Breite: 600 mm / Tiefe: 420 mm / Höhe: 360 mm / Gewicht: 60 kg / Wärmerückgewinnung aus der Abluft / entzogene Wärme wird Solekreislauf zugeführt / ...",Stiebel Eltron LWM 250,1844.0, Stiebel Eltron LWM 250,"10,5",280623,/preisvergleich/Relocate/351171201.html?categoryId=18459&pos=1&price=1844.0&productid=2417111&sid=280623&type=offer,2417111,18459, Stie­bel Eltron 189999 - Luft/Wär­me­mo­dul LWM 250
"Trinkwasser-Wärmepumpe, Luft/Wasser-Wärmepumpe / Nennwärmeleistung: 5,6 kW / Leistungszahl (COP): 3,24 / Energie-Effizienzklasse Raumheizung bei 35°C: D / verwendbar für: Heizungswasser, Trinkwasser, Kühlwasser / Serie: Viessmann Vitocal / Energieträger: Luftwärme, Elektrizität / maximale ...","Viessmann Vitocal 222-S (5,6 kW)",8717.99," Viessmann Vitocal 222-S (5,6 kW)","5,6",276812,/preisvergleich/Relocate/393614188.html?categoryId=18459&pos=8&price=8717.99&productid=3393707&sid=276812&type=offer,3393707,18459," VIESS­MANN Vi­to­cal 222-S Typ AWT-AC221.A/B AWT-AC 221.B13 - 9,0 kW"
"Trinkwasser-Wärmepumpe, Luft/Wasser-Wärmepumpe / Nennwärmeleistung: 1,6 kW / Leistungszahl (COP): 4,1 / Energie-Effizienzklasse Raumheizung bei 55°C: A Watt / verwendbar für: Trinkwasser / Serie: Stiebel Eltron WWK / Energieträger: Luftwärme, Elektrizität / maximale Vorlauftemperatur: 55 °C / ...","Stiebel Eltron WWK 300 (1,6 kW)",2481.9," Stiebel Eltron WWK 300 (1,6 kW)","1,6",280623,/preisvergleich/Relocate/351170687.html?categoryId=18459&pos=12&price=2481.9&productid=1434231&sid=280623&type=offer,1434231,18459," Stie­bel Eltron 074361 - Warm­was­ser-Wär­me­pum­pe WWK 300, 303 Liter"
"Luft/Wasser-Wärmepumpe, Split-Wärmepumpe, Inverter-Wärmepumpe / Nennwärmeleistung: 3 kW / verwendbar für: Heizungswasser, Trinkwasser / Serie: Viessmann Vitocal / Energieträger: Luftwärme, Elektrizität / maximale Vorlauftemperatur: 55 °C / Wasserinhalt im Kessel: 3 Liter / Temperatur-Obergrenze: 35 ...",Viessmann Vitocal 200 S AWB201.B04 (3 kW),3518.99, Viessmann Vitocal 200 S AWB201.B04 (3 kW),3,276812,/preisvergleich/Relocate/429652514.html?categoryId=18459&pos=1&price=3518.99&productid=2429046&sid=276812&type=offer,2429046,18459," VIESS­MANN Vi­to­cal 200-S Typ AWB 201.B/C AWB 201.B04 - 3,0 kW"
"Luft/Wasser-Wärmepumpe, Trinkwasser-Wärmepumpe / Nennwärmeleistung: 10,5 kW / Leistungszahl (COP): 3,4 / Energie-Effizienzklasse Raumheizung bei 35°C: C / verwendbar für: Heizungswasser, Trinkwasser, Kühlwasser / Serie: Vaillant aroTHERM / Energieträger: Luftwärme, Elektrizität / maximale ...",Vaillant aroTHERM VWL 115/2 A Paket 4.4,5262.18, Vaillant aroTHERM VWL 115/2 A Paket 4.4,"6,7",289859,/preisvergleich/Relocate/420115168.html?categoryId=18459&pos=1&price=5262.18&productid=4394729&sid=289859&type=offer,4394729,18459, aro­THERM VWL 115/2 Paket 4.4 Vail­lant
"Luft/Wasser-Wärmepumpe, Split-Wärmepumpe, Inverter-Wärmepumpe, Trinkwasser-Wärmepumpe / Nennwärmeleistung: 10,5 kW / Leistungszahl (COP): 3,6 / Energie-Effizienzklasse Raumheizung bei 35°C: B / verwendbar für: Heizungswasser, Trinkwasser, Luftkühlung / Serie: Dimplex LAW / Energieträger: Luftwärme, ...","Dimplex Splydro LAW 14IMR (10,5 kW)",9406.87," Dimplex Splydro LAW 14IMR (10,5 kW)","10,5",299105,/preisvergleich/Relocate/526943590.html?categoryId=18459&pos=3&price=9406.87&productid=4636875&sid=299105&type=offer,4636875,18459," Dim­plex Split Luft/Was­ser-Wär­me­pum­pe ""Sply­dro"" 366710_DX"
"Luft/Wasser-Wärmepumpe, Trinkwasser-Wärmepumpe / Nennwärmeleistung: 2,52 kW / Leistungszahl (COP): 4,3 / verwendbar für: Trinkwasser / Serie: Buderus Logatherm / Energieträger: Luftwärme, Elektrizität / maximale Vorlauftemperatur: 60 °C / Wasserinhalt im Kessel: 260 Liter / Temperatur-Obergrenze: 35 ...","Buderus Logatherm WPT270/2 A-S (2,52 kW)",2022.0," Buderus Logatherm WPT270/2 A-S (2,52 kW)","2,52",9701,/preisvergleich/Relocate/447477129.html?categoryId=18459&pos=3&price=2022.0&productid=4247476&sid=9701&type=offer,4247476,18459, 
"Luft/Wasser-Wärmepumpe, Split-Wärmepumpe, Inverter-Wärmepumpe / Nennwärmeleistung: 14 kW / Leistungszahl (COP): 3 / Energie-Effizienzklasse Raumheizung bei 35°C: E / verwendbar für: Heizungswasser, Trinkwasser / Serie: Mitsubishi Electric Zubadan / Energieträger: Luftwärme, Elektrizität / maximale ...","Mitsubishi Electric Zubadan 14,0 kW (1x PUHZ-SHW140YHA + 1x EHST20C-YM9EB)",10087.0," Mitsubishi Electric Zubadan 14,0 kW (1x PUHZ-SHW140YHA + 1x EHST20C-YM9EB)",14,9701,/preisvergleich/Relocate/542249613.html?categoryId=18459&pos=2&price=10087.0&productid=4201254&sid=9701&type=offer,4201254,18459, 
"Luft/Wasser-Wärmepumpe / Nennwärmeleistung: 10,4 kW / Leistungszahl (COP): 3,4 / Energie-Effizienzklasse Raumheizung bei 35°C: C / verwendbar für: Heizungswasser, Trinkwasser / Serie: Buderus Logatherm / Energieträger: Luftwärme, Elektrizität / maximale Vorlauftemperatur: 60 °C / ...","Buderus Logatherm WPL 10 IK (10,4 kW)",10398.0," Buderus Logatherm WPL 10 IK (10,4 kW)","10,4",9701,/preisvergleich/Relocate/603633376.html?categoryId=18459&pos=2&price=10398.0&productid=3582998&sid=9701&type=offer,3582998,18459, 
"Luft/Wasser-Wärmepumpe / verwendbar für: Heizungswasser / Serie: Stiebel Eltron LWM / Energieträger: Luftwärme, Elektrizität / Schalldruckpegel: 43 dB / Breite: 600 mm / Tiefe: 420 mm / Höhe: 360 mm / Gewicht: 60 kg / Wärmerückgewinnung aus der Abluft / entzogene Wärme wird Solekreislauf zugeführt / ...",Stiebel Eltron LWM 250,1930.0, Stiebel Eltron LWM 250,"10,5",9701,/preisvergleich/Relocate/540731507.html?categoryId=18459&pos=2&price=1930.0&productid=2417111&sid=9701&type=offer,2417111,18459, 
"Trinkwasser-Wärmepumpe, Luft/Wasser-Wärmepumpe / Nennwärmeleistung: 1,6 kW / Leistungszahl (COP): 4,1 / Energie-Effizienzklasse Raumheizung bei 55°C: A Watt / verwendbar für: Trinkwasser / Serie: Stiebel Eltron WWK / Energieträger: Luftwärme, Elektrizität / maximale Vorlauftemperatur: 55 °C / ...","Stiebel Eltron WWK 300 (1,6 kW)",2507.0," Stiebel Eltron WWK 300 (1,6 kW)","1,6",28887,/preisvergleich/Relocate/328776500.html?categoryId=18459&pos=13&price=2507.0&productid=1434231&sid=28887&type=offer,1434231,18459, Warm­was­ser-Wär­me­pum­pe WWK 300 PV
"Luft/Wasser-Wärmepumpe, Split-Wärmepumpe, Inverter-Wärmepumpe / Nennwärmeleistung: 3 kW / verwendbar für: Heizungswasser, Trinkwasser / Serie: Viessmann Vitocal / Energieträger: Luftwärme, Elektrizität / maximale Vorlauftemperatur: 55 °C / Wasserinhalt im Kessel: 3 Liter / Temperatur-Obergrenze: 35 ...",Viessmann Vitocal 200 S AWB201.B04 (3 kW),3970.0, Viessmann Vitocal 200 S AWB201.B04 (3 kW),3,9701,/preisvergleich/Relocate/535277583.html?categoryId=18459&pos=2&price=3970.0&productid=2429046&sid=9701&type=offer,2429046,18459, 
"Luft/Wasser-Wärmepumpe, Trinkwasser-Wärmepumpe / Nennwärmeleistung: 2,52 kW / Leistungszahl (COP): 4,3 / verwendbar für: Trinkwasser / Serie: Buderus Logatherm / Energieträger: Luftwärme, Elektrizität / maximale Vorlauftemperatur: 60 °C / Wasserinhalt im Kessel: 260 Liter / Temperatur-Obergrenze: 35 ...","Buderus Logatherm WPT270/2 A-S (2,52 kW)",2319.5," Buderus Logatherm WPT270/2 A-S (2,52 kW)","2,52",288366,/preisvergleich/Relocate/426319120.html?categoryId=18459&pos=4&price=2319.5&productid=4247476&sid=288366&type=offer,4247476,18459," Bu­de­rus Lo­ga­therm WPT 270/2 A-S Trink­was­ser-Wär­me­pum­pe, Raum­luft­nut­zung mit Wär­me­tau­scher"
"Luft/Wasser-Wärmepumpe / Nennwärmeleistung: 10,4 kW / Leistungszahl (COP): 3,4 / Energie-Effizienzklasse Raumheizung bei 35°C: C / verwendbar für: Heizungswasser, Trinkwasser / Serie: Buderus Logatherm / Energieträger: Luftwärme, Elektrizität / maximale Vorlauftemperatur: 60 °C / ...","Buderus Logatherm WPL 10 IK (10,4 kW)",12491.88," Buderus Logatherm WPL 10 IK (10,4 kW)","10,4",12041,/preisvergleich/Relocate/421331113.html?categoryId=18459&pos=3&price=12491.88&productid=3582998&sid=12041&type=offer,3582998,18459, 
"Trinkwasser-Wärmepumpe, Luft/Wasser-Wärmepumpe / Nennwärmeleistung: 1,6 kW / Leistungszahl (COP): 4,1 / Energie-Effizienzklasse Raumheizung bei 55°C: A Watt / verwendbar für: Trinkwasser / Serie: Stiebel Eltron WWK / Energieträger: Luftwärme, Elektrizität / maximale Vorlauftemperatur: 55 °C / ...","Stiebel Eltron WWK 300 (1,6 kW)",2575.0," Stiebel Eltron WWK 300 (1,6 kW)","1,6",3500,/preisvergleich/Relocate/486009299.html?categoryId=18459&pos=14&price=2575.0&productid=1434231&sid=3500&type=offer,1434231,18459, Stie­bel-El­t­ron WWK 300 SOL
"Luft/Wasser-Wärmepumpe, Split-Wärmepumpe, Inverter-Wärmepumpe / Nennwärmeleistung: 3 kW / verwendbar für: Heizungswasser, Trinkwasser / Serie: Viessmann Vitocal / Energieträger: Luftwärme, Elektrizität / maximale Vorlauftemperatur: 55 °C / Wasserinhalt im Kessel: 3 Liter / Temperatur-Obergrenze: 35 ...",Viessmann Vitocal 200 S AWB201.B04 (3 kW),4049.99, Viessmann Vitocal 200 S AWB201.B04 (3 kW),3,276812,/preisvergleich/Relocate/429652532.html?categoryId=18459&pos=3&price=4049.99&productid=2429046&sid=276812&type=offer,2429046,18459," VIESS­MANN Vi­to­cal 200-S Typ AWB-AC 201.B/C AWB-AC 201.B04 - 3,0 kW"
"Luft/Wasser-Wärmepumpe, Trinkwasser-Wärmepumpe / Nennwärmeleistung: 2,52 kW / Leistungszahl (COP): 4,3 / verwendbar für: Trinkwasser / Serie: Buderus Logatherm / Energieträger: Luftwärme, Elektrizität / maximale Vorlauftemperatur: 60 °C / Wasserinhalt im Kessel: 260 Liter / Temperatur-Obergrenze: 35 ...","Buderus Logatherm WPT270/2 A-S (2,52 kW)",2679.14," Buderus Logatherm WPT270/2 A-S (2,52 kW)","2,52",12041,/preisvergleich/Relocate/421330244.html?categoryId=18459&pos=5&price=2679.14&productid=4247476&sid=12041&type=offer,4247476,18459, 
"Luft/Wasser-Wärmepumpe / Nennwärmeleistung: 10,4 kW / Leistungszahl (COP): 3,4 / Energie-Effizienzklasse Raumheizung bei 35°C: C / verwendbar für: Heizungswasser, Trinkwasser / Serie: Buderus Logatherm / Energieträger: Luftwärme, Elektrizität / maximale Vorlauftemperatur: 60 °C / ...","Buderus Logatherm WPL 10 IK (10,4 kW) Bundle",13282.85," Buderus Logatherm WPL 10 IK (10,4 kW)","10,4",12041,/preisvergleich/Relocate/421134595.html?categoryId=18459&pos=4&price=13282.85&productid=3582998&sid=12041&type=offer,3582998,18459, 
"Trinkwasser-Wärmepumpe, Luft/Wasser-Wärmepumpe / Nennwärmeleistung: 1,6 kW / Leistungszahl (COP): 4,1 / Energie-Effizienzklasse Raumheizung bei 55°C: A Watt / verwendbar für: Trinkwasser / Serie: Stiebel Eltron WWK / Energieträger: Luftwärme, Elektrizität / maximale Vorlauftemperatur: 55 °C / ...","Stiebel Eltron WWK 300 (1,6 kW)",2591.0," Stiebel Eltron WWK 300 (1,6 kW)","1,6",299706,/preisvergleich/Relocate/601929893.html?categoryId=18459&pos=15&price=2591.0&productid=1434231&sid=299706&type=offer,1434231,18459, Stie­bel Eltron WWK 300 PV
"Luft/Wasser-Wärmepumpe, Split-Wärmepumpe, Inverter-Wärmepumpe / Nennwärmeleistung: 3 kW / verwendbar für: Heizungswasser, Trinkwasser / Serie: Viessmann Vitocal / Energieträger: Luftwärme, Elektrizität / maximale Vorlauftemperatur: 55 °C / Wasserinhalt im Kessel: 3 Liter / Temperatur-Obergrenze: 35 ...",Viessmann Vitocal 200 S AWB201.B04 (3 kW),4567.0, Viessmann Vitocal 200 S AWB201.B04 (3 kW),3,9701,/preisvergleich/Relocate/439987700.html?categoryId=18459&pos=4&price=4567.0&productid=2429046&sid=9701&type=offer,2429046,18459, 
"Luft/Wasser-Wärmepumpe, Trinkwasser-Wärmepumpe / Nennwärmeleistung: 1,87 kW / Leistungszahl (COP): 3,7 / verwendbar für: Trinkwasser / Serie: Dimplex BWP / Energieträger: Luftwärme, Elektrizität / maximale Vorlauftemperatur: 60 °C / Wasserinhalt im Kessel: 290 Liter / Temperatur-Untergrenze: 8 °C / ...","Dimplex BWP 30 HS (1,87 kW)",2340.3," Dimplex BWP 30 HS (1,87 kW)",8,299105,/preisvergleich/Relocate/526933920.html?categoryId=18459&pos=1&price=2340.3&productid=4351117&sid=299105&type=offer,4351117,18459, Dim­plex Warm­was­ser-Wär­me­pum­pe - So­lar­re­ge­lung / in­te­grier­tem Wär­me­tau­scher 360070_DX
"Luft/Wasser-Wärmepumpe, Inverter-Wärmepumpe / Nennwärmeleistung: 14 kW / Leistungszahl (COP): 3,32 / Energie-Effizienzklasse Raumheizung bei 35°C: C / verwendbar für: Heizungswasser, Kühlwasser / Serie: Panasonic Aquarea MDC / Energieträger: Luftwärme, Elektrizität / Temperatur-Obergrenze: 35 °C / ...",Panasonic Aquarea MDC 14 kW WH-MDC14C9E8,6070.0, Panasonic Aquarea MDC 14 kW WH-MDC14C9E8,"2,52",299872,/preisvergleich/Relocate/584033553.html?categoryId=18459&pos=1&price=6070.0&productid=4526654&sid=299872&type=offer,4526654,18459, Pa­na­so­nic Aquarea LT WH-MDC14C9E8 14.0 kW 400V
"Luft/Wasser-Wärmepumpe, Trinkwasser-Wärmepumpe / Nennwärmeleistung: 1,87 kW / Leistungszahl (COP): 3,7 / verwendbar für: Trinkwasser / Serie: Dimplex BWP / Energieträger: Luftwärme, Elektrizität / maximale Vorlauftemperatur: 60 °C / Wasserinhalt im Kessel: 290 Liter / Temperatur-Untergrenze: 8 °C / ...","Dimplex BWP 30 HS (1,87 kW)",2346.98," Dimplex BWP 30 HS (1,87 kW)",8,9441,/preisvergleich/Relocate/346923686.html?categoryId=18459&pos=2&price=2346.98&productid=4351117&sid=9441&type=offer,4351117,18459, Dim­plex BWP 30HS Warm­was­ser-Wär­me­pum­pe
"Luft/Wasser-Wärmepumpe, Trinkwasser-Wärmepumpe / Nennwärmeleistung: 2,52 kW / Leistungszahl (COP): 4,3 / verwendbar für: Trinkwasser / Serie: Buderus Logatherm / Energieträger: Luftwärme, Elektrizität / maximale Vorlauftemperatur: 60 °C / Wasserinhalt im Kessel: 270 Liter / Temperatur-Obergrenze: 35 ...","Buderus Logatherm WPT270/2 A (2,52 kW)",1855.26," Buderus Logatherm WPT270/2 A (2,52 kW)","13,8",276812,/preisvergleich/Relocate/478136751.html?categoryId=18459&pos=1&price=1855.26&productid=4247477&sid=276812&type=offer,4247477,18459, Bu­de­rus Trink­was­ser-Wär­me­pum­pe WPT 270/2 A
"Luft/Wasser-Wärmepumpe / Nennwärmeleistung: 13,8 kW / Leistungszahl (COP): 3,7 / Energie-Effizienzklasse Raumheizung bei 35°C: A / verwendbar für: Heizungswasser / Serie: Buderus Logatherm / Energieträger: Luftwärme, Elektrizität / maximale Vorlauftemperatur: 60 °C / Temperatur-Obergrenze: 35 °C / ...","Buderus Logatherm WPL 14 A (13,8 kW)",10967.87," Buderus Logatherm WPL 14 A (13,8 kW)","5,6",276812,/preisvergleich/Relocate/478136722.html?categoryId=18459&pos=1&price=10967.87&productid=3583114&sid=276812&type=offer,3583114,18459, Bu­de­rus Lo­ga­therm WPL 14 AR B
"Luft/Wasser-Wärmepumpe / Nennwärmeleistung: 26,5 kW / Leistungszahl (COP): 3,43 / Energie-Effizienzklasse Raumheizung bei 55°C: A+ Watt / Energie-Effizienzklasse Raumheizung bei 35°C: C / verwendbar für: Heizungswasser / Serie: Stiebel Eltron WPL / Energieträger: Luftwärme, Elektrizität / maximale ...","Stiebel Eltron WPL 47 A (26,5 kW)",14099.0," Stiebel Eltron WPL 47 A (26,5 kW)",14,280623,/preisvergleich/Relocate/351171153.html?categoryId=18459&pos=1&price=14099.0&productid=2414934&sid=280623&type=offer,2414934,18459," Stie­bel Eltron 228836 - Luft-Was­ser Wär­me­pum­pe WPL47 Grund­ge­rät,Luft/ Was­ser-Wärm"
"Luft/Wasser-Wärmepumpe / Nennwärmeleistung: 11,9 kW / Leistungszahl (COP): 4,7 / Energie-Effizienzklasse Raumheizung bei 35°C: A / verwendbar für: Heizungswasser / Serie: Dimplex LA / Energieträger: Luftwärme, Elektrizität / maximale Vorlauftemperatur: 58 °C / Temperatur-Obergrenze: 35 °C / ...","Dimplex LA 12TU (11,9 kW)",8109.0," Dimplex LA 12TU (11,9 kW)","10,6",9701,/preisvergleich/Relocate/415873635.html?categoryId=18459&pos=1&price=8109.0&productid=2416495&sid=9701&type=offer,2416495,18459, 
"Luft/Wasser-Wärmepumpe / Nennwärmeleistung: 10,6 kW / Leistungszahl (COP): 3,3 / Energie-Effizienzklasse Raumheizung bei 35°C: C / verwendbar für: Heizungswasser / Serie: Viessmann Vitocal / Energieträger: Luftwärme, Elektrizität / maximale Vorlauftemperatur: 65 °C / Temperatur-Obergrenze: 35 °C / ...","Viessmann Vitocal 350-A AWI 110 (10,6 kW)",8908.99," Viessmann Vitocal 350-A AWI 110 (10,6 kW)","1,87",276812,/preisvergleich/Relocate/387844473.html?categoryId=18459&pos=1&price=8908.99&productid=1085474&sid=276812&type=offer,1085474,18459," VIESS­MANN Vi­to­cal 350-A Typ AWHI 351.A 10,6 kW - AWHI 351.A10"
"Luft/Wasser-Wärmepumpe, Split-Wärmepumpe, Inverter-Wärmepumpe / Nennwärmeleistung: 8 kW / Leistungszahl (COP): 4,7 / Energie-Effizienzklasse Raumheizung bei 35°C: A / verwendbar für: Heizungswasser, Trinkwasser / Serie: Mitsubishi Electric Zubadan / Energieträger: Luftwärme, Elektrizität / maximale ...","Mitsubishi Electric Zubadan 8,0 kW (1x PUHZ-SHW80VHA + 1x EHST20C-YM9EB)",8110.0," Mitsubishi Electric Zubadan 8,0 kW (1x PUHZ-SHW80VHA + 1x EHST20C-YM9EB)",3,9701,/preisvergleich/Relocate/542249681.html?categoryId=18459&pos=1&price=8110.0&productid=4202655&sid=9701&type=offer,4202655,18459, 
"Luft/Wasser-Wärmepumpe, Trinkwasser-Wärmepumpe / Nennwärmeleistung: 1,87 kW / Leistungszahl (COP): 3,7 / verwendbar für: Trinkwasser / Serie: Dimplex BWP / Energieträger: Luftwärme, Elektrizität / maximale Vorlauftemperatur: 60 °C / Wasserinhalt im Kessel: 290 Liter / Temperatur-Untergrenze: 8 °C / ...","Dimplex BWP 30 HS (1,87 kW)",2460.49," Dimplex BWP 30 HS (1,87 kW)",8,9701,/preisvergleich/Relocate/526625401.html?categoryId=18459&pos=3&price=2460.49&productid=4351117&sid=9701&type=offer,4351117,18459, 
"Luft/Wasser-Wärmepumpe, Trinkwasser-Wärmepumpe / Nennwärmeleistung: 2,52 kW / Leistungszahl (COP): 4,3 / verwendbar für: Trinkwasser / Serie: Buderus Logatherm / Energieträger: Luftwärme, Elektrizität / maximale Vorlauftemperatur: 60 °C / Wasserinhalt im Kessel: 270 Liter / Temperatur-Obergrenze: 35 ...","Buderus Logatherm WPT270/2 A (2,52 kW)",1954.0," Buderus Logatherm WPT270/2 A (2,52 kW)","13,8",9701,/preisvergleich/Relocate/447473902.html?categoryId=18459&pos=2&price=1954.0&productid=4247477&sid=9701&type=offer,4247477,18459, 
"Luft/Wasser-Wärmepumpe / Nennwärmeleistung: 13,8 kW / Leistungszahl (COP): 3,7 / Energie-Effizienzklasse Raumheizung bei 35°C: A / verwendbar für: Heizungswasser / Serie: Buderus Logatherm / Energieträger: Luftwärme, Elektrizität / maximale Vorlauftemperatur: 60 °C / Temperatur-Obergrenze: 35 °C / ...","Buderus Logatherm WPL 14 A (13,8 kW)",11009.0," Buderus Logatherm WPL 14 A (13,8 kW)","5,6",9701,/preisvergleich/Relocate/418084027.html?categoryId=18459&pos=2&price=11009.0&productid=3583114&sid=9701&type=offer,3583114,18459, 
"Luft/Wasser-Wärmepumpe / Nennwärmeleistung: 26,5 kW / Leistungszahl (COP): 3,43 / Energie-Effizienzklasse Raumheizung bei 55°C: A+ Watt / Energie-Effizienzklasse Raumheizung bei 35°C: C / verwendbar für: Heizungswasser / Serie: Stiebel Eltron WPL / Energieträger: Luftwärme, Elektrizität / maximale ...","Stiebel Eltron WPL 47 A (26,5 kW)",15542.4," Stiebel Eltron WPL 47 A (26,5 kW)",14,280623,/preisvergleich/Relocate/351171195.html?categoryId=18459&pos=2&price=15542.4&productid=2414934&sid=280623&type=offer,2414934,18459," Stie­bel Eltron 232125 - Luft-Was­ser Wär­me­pum­pe WPL 47 A SR,Luft/ Was­ser-Wär­me­pump"
"Luft/Wasser-Wärmepumpe / Nennwärmeleistung: 11,9 kW / Leistungszahl (COP): 4,7 / Energie-Effizienzklasse Raumheizung bei 35°C: A / verwendbar für: Heizungswasser / Serie: Dimplex LA / Energieträger: Luftwärme, Elektrizität / maximale Vorlauftemperatur: 58 °C / Temperatur-Obergrenze: 35 °C / ...","Dimplex LA 12TU (11,9 kW)",9171.5," Dimplex LA 12TU (11,9 kW)","10,6",299105,/preisvergleich/Relocate/526942897.html?categoryId=18459&pos=2&price=9171.5&productid=2416495&sid=299105&type=offer,2416495,18459, Dim­plex Hoch­ef­fi­zi­enz Luft/Was­ser-Wär­me­pum­pe für uni­ver­sel­le Au­ßen­auf­stel­lung 358530_DX
"Luft/Wasser-Wärmepumpe / Nennwärmeleistung: 10,6 kW / Leistungszahl (COP): 3,3 / Energie-Effizienzklasse Raumheizung bei 35°C: C / verwendbar für: Heizungswasser / Serie: Viessmann Vitocal / Energieträger: Luftwärme, Elektrizität / maximale Vorlauftemperatur: 65 °C / Temperatur-Obergrenze: 35 °C / ...","Viessmann Vitocal 350-A AWI 110 (10,6 kW)",9346.99," Viessmann Vitocal 350-A AWI 110 (10,6 kW)","1,87",276812,/preisvergleich/Relocate/387843524.html?categoryId=18459&pos=2&price=9346.99&productid=1085474&sid=276812&type=offer,1085474,18459," VIESS­MANN Vi­to­cal 350-A Typ AWHO 351.A 10,6 kW -AWHO 351.A10"
"Luft/Wasser-Wärmepumpe, Split-Wärmepumpe, Inverter-Wärmepumpe / Nennwärmeleistung: 8 kW / Leistungszahl (COP): 4,7 / Energie-Effizienzklasse Raumheizung bei 35°C: A / verwendbar für: Heizungswasser, Trinkwasser / Serie: Mitsubishi Electric Zubadan / Energieträger: Luftwärme, Elektrizität / maximale ...","Mitsubishi Electric Zubadan 8,0 kW (1x PUHZ-SHW80VHA + 1x EHST20C-YM9EB)",8457.0," Mitsubishi Electric Zubadan 8,0 kW (1x PUHZ-SHW80VHA + 1x EHST20C-YM9EB)",3,9701,/preisvergleich/Relocate/542249663.html?categoryId=18459&pos=2&price=8457.0&productid=4202655&sid=9701&type=offer,4202655,18459, 
"Luft/Wasser-Wärmepumpe, Trinkwasser-Wärmepumpe / Nennwärmeleistung: 2,52 kW / Leistungszahl (COP): 4,3 / verwendbar für: Trinkwasser / Serie: Buderus Logatherm / Energieträger: Luftwärme, Elektrizität / maximale Vorlauftemperatur: 60 °C / Wasserinhalt im Kessel: 270 Liter / Temperatur-Obergrenze: 35 ...","Buderus Logatherm WPT270/2 A (2,52 kW)",2038.0," Buderus Logatherm WPT270/2 A (2,52 kW)","13,8",273949,/preisvergleich/Relocate/384438834.html?categoryId=18459&pos=3&price=2038.0&productid=4247477&sid=273949&type=offer,4247477,18459, BU­DE­RUS Lo­ga­therm WPT 270/2 A Trink­was­ser-Wär­me­pum­pe für Au­ßen­luft - 7736501477
"Luft/Wasser-Wärmepumpe / Nennwärmeleistung: 13,8 kW / Leistungszahl (COP): 3,7 / Energie-Effizienzklasse Raumheizung bei 35°C: A / verwendbar für: Heizungswasser / Serie: Buderus Logatherm / Energieträger: Luftwärme, Elektrizität / maximale Vorlauftemperatur: 60 °C / Temperatur-Obergrenze: 35 °C / ...","Buderus Logatherm WPL 14 A (13,8 kW)",11236.58," Buderus Logatherm WPL 14 A (13,8 kW)","5,6",276812,/preisvergleich/Relocate/478136728.html?categoryId=18459&pos=3&price=11236.58&productid=3583114&sid=276812&type=offer,3583114,18459, Bu­de­rus Lo­ga­therm WPL 14 AR E
"Luft/Wasser-Wärmepumpe / Nennwärmeleistung: 26,5 kW / Leistungszahl (COP): 3,43 / Energie-Effizienzklasse Raumheizung bei 55°C: A+ Watt / Energie-Effizienzklasse Raumheizung bei 35°C: C / verwendbar für: Heizungswasser / Serie: Stiebel Eltron WPL / Energieträger: Luftwärme, Elektrizität / maximale ...","Stiebel Eltron WPL 47 A (26,5 kW)",15749.23," Stiebel Eltron WPL 47 A (26,5 kW)",14,9701,/preisvergleich/Relocate/540734043.html?categoryId=18459&pos=3&price=15749.23&productid=2414934&sid=9701&type=offer,2414934,18459, 
"Luft/Wasser-Wärmepumpe / Nennwärmeleistung: 10,6 kW / Leistungszahl (COP): 3,3 / Energie-Effizienzklasse Raumheizung bei 35°C: C / verwendbar für: Heizungswasser / Serie: Viessmann Vitocal / Energieträger: Luftwärme, Elektrizität / maximale Vorlauftemperatur: 65 °C / Temperatur-Obergrenze: 35 °C / ...","Viessmann Vitocal 350-A AWI 110 (10,6 kW)",10022.0," Viessmann Vitocal 350-A AWI 110 (10,6 kW)","1,87",9701,/preisvergleich/Relocate/444100253.html?categoryId=18459&pos=3&price=10022.0&productid=1085474&sid=9701&type=offer,1085474,18459, 
"Luft/Wasser-Wärmepumpe, Trinkwasser-Wärmepumpe / Nennwärmeleistung: 2,52 kW / Leistungszahl (COP): 4,3 / verwendbar für: Trinkwasser / Serie: Buderus Logatherm / Energieträger: Luftwärme, Elektrizität / maximale Vorlauftemperatur: 60 °C / Wasserinhalt im Kessel: 270 Liter / Temperatur-Obergrenze: 35 ...","Buderus Logatherm WPT270/2 A (2,52 kW)",2239.5," Buderus Logatherm WPT270/2 A (2,52 kW)","13,8",288366,/preisvergleich/Relocate/425913848.html?categoryId=18459&pos=4&price=2239.5&productid=4247477&sid=288366&type=offer,4247477,18459," Bu­de­rus Lo­ga­therm WPT 270/2 A Trink­was­ser-Wär­me­pum­pe, Au­ßen­luft­nut­zung"
"Luft/Wasser-Wärmepumpe / Nennwärmeleistung: 13,8 kW / Leistungszahl (COP): 3,7 / Energie-Effizienzklasse Raumheizung bei 35°C: A / verwendbar für: Heizungswasser / Serie: Buderus Logatherm / Energieträger: Luftwärme, Elektrizität / maximale Vorlauftemperatur: 60 °C / Temperatur-Obergrenze: 35 °C / ...","Buderus Logatherm WPL 14 A (13,8 kW)",11339.0," Buderus Logatherm WPL 14 A (13,8 kW)","5,6",9701,/preisvergleich/Relocate/418094045.html?categoryId=18459&pos=4&price=11339.0&productid=3583114&sid=9701&type=offer,3583114,18459, 
"Luft/Wasser-Wärmepumpe / Nennwärmeleistung: 26,5 kW / Leistungszahl (COP): 3,43 / Energie-Effizienzklasse Raumheizung bei 55°C: A+ Watt / Energie-Effizienzklasse Raumheizung bei 35°C: C / verwendbar für: Heizungswasser / Serie: Stiebel Eltron WPL / Energieträger: Luftwärme, Elektrizität / maximale ...","Stiebel Eltron WPL 47 A (26,5 kW)",16222.0," Stiebel Eltron WPL 47 A (26,5 kW)",14,9701,/preisvergleich/Relocate/566151607.html?categoryId=18459&pos=4&price=16222.0&productid=2414934&sid=9701&type=offer,2414934,18459, 
"Luft/Wasser-Wärmepumpe / Nennwärmeleistung: 10,6 kW / Leistungszahl (COP): 3,3 / Energie-Effizienzklasse Raumheizung bei 35°C: C / verwendbar für: Heizungswasser / Serie: Viessmann Vitocal / Energieträger: Luftwärme, Elektrizität / maximale Vorlauftemperatur: 65 °C / Temperatur-Obergrenze: 35 °C / ...","Viessmann Vitocal 350-A AWI 110 (10,6 kW)",10022.0," Viessmann Vitocal 350-A AWI 110 (10,6 kW)","1,87",9701,/preisvergleich/Relocate/472980844.html?categoryId=18459&pos=4&price=10022.0&productid=1085474&sid=9701&type=offer,1085474,18459, 
"Luft/Wasser-Wärmepumpe, Trinkwasser-Wärmepumpe / Nennwärmeleistung: 2,52 kW / Leistungszahl (COP): 4,3 / verwendbar für: Trinkwasser / Serie: Buderus Logatherm / Energieträger: Luftwärme, Elektrizität / maximale Vorlauftemperatur: 60 °C / Wasserinhalt im Kessel: 270 Liter / Temperatur-Obergrenze: 35 ...","Buderus Logatherm WPT270/2 A (2,52 kW)",2270.0," Buderus Logatherm WPT270/2 A (2,52 kW)","13,8",9701,/preisvergleich/Relocate/561653121.html?categoryId=18459&pos=5&price=2270.0&productid=4247477&sid=9701&type=offer,4247477,18459, 
"Luft/Wasser-Wärmepumpe / Nennwärmeleistung: 13,8 kW / Leistungszahl (COP): 3,7 / Energie-Effizienzklasse Raumheizung bei 35°C: A / verwendbar für: Heizungswasser / Serie: Buderus Logatherm / Energieträger: Luftwärme, Elektrizität / maximale Vorlauftemperatur: 60 °C / Temperatur-Obergrenze: 35 °C / ...","Buderus Logatherm WPL 14 A (13,8 kW)",12975.61," Buderus Logatherm WPL 14 A (13,8 kW)","5,6",276812,/preisvergleich/Relocate/478136724.html?categoryId=18459&pos=5&price=12975.61&productid=3583114&sid=276812&type=offer,3583114,18459, Bu­de­rus Lo­ga­therm WPL 14 AR T
"Luft/Wasser-Wärmepumpe / Nennwärmeleistung: 26,5 kW / Leistungszahl (COP): 3,43 / Energie-Effizienzklasse Raumheizung bei 55°C: A+ Watt / Energie-Effizienzklasse Raumheizung bei 35°C: C / verwendbar für: Heizungswasser / Serie: Stiebel Eltron WPL / Energieträger: Luftwärme, Elektrizität / maximale ...","Stiebel Eltron WPL 47 A (26,5 kW)",26229.36," Stiebel Eltron WPL 47 A (26,5 kW)",14,12041,/preisvergleich/Relocate/585585788.html?categoryId=18459&pos=5&price=26229.36&productid=2414934&sid=12041&type=offer,2414934,18459, 
"Luft/Wasser-Wärmepumpe, Trinkwasser-Wärmepumpe / Nennwärmeleistung: 2,52 kW / Leistungszahl (COP): 4,3 / verwendbar für: Trinkwasser / Serie: Buderus Logatherm / Energieträger: Luftwärme, Elektrizität / maximale Vorlauftemperatur: 60 °C / Wasserinhalt im Kessel: 270 Liter / Temperatur-Obergrenze: 35 ...","Buderus Logatherm WPT270/2 A (2,52 kW)",2586.91," Buderus Logatherm WPT270/2 A (2,52 kW)","13,8",12041,/preisvergleich/Relocate/421330875.html?categoryId=18459&pos=6&price=2586.91&productid=4247477&sid=12041&type=offer,4247477,18459, 
"Luft/Wasser-Wärmepumpe, Split-Wärmepumpe / Nennwärmeleistung: 6,9 kW / Leistungszahl (COP): 3,12 / Energie-Effizienzklasse Raumheizung bei 35°C: D / verwendbar für: Heizungswasser, Kühlwasser / Serie: Weisshaupt WWP / Energieträger: Luftwärme, Elektrizität / maximale Vorlauftemperatur: 60 °C / ...","Weishaupt WWP L 11 AERS (6,9 kW)",6482.91," Weishaupt WWP L 11 AERS (6,9 kW)","10,2",276812,/preisvergleich/Relocate/387843179.html?categoryId=18459&pos=1&price=6482.91&productid=3828623&sid=276812&type=offer,3828623,18459, Weis­haupt Luft/Was­ser-Split­wär­me­pum­pe WWPL11 AER
"Luft/Wasser-Wärmepumpe / Nennwärmeleistung: 10,2 kW / Leistungszahl (COP): 4,7 / Energie-Effizienzklasse Raumheizung bei 35°C: A / verwendbar für: Heizungswasser / Serie: Dimplex LA / Energieträger: Luftwärme, Elektrizität / maximale Vorlauftemperatur: 58 °C / Temperatur-Obergrenze: 35 °C / ...","Dimplex LA 9TU (10,2 kW)",6429.0," Dimplex LA 9TU (10,2 kW)","26,5",9701,/preisvergleich/Relocate/415873340.html?categoryId=18459&pos=1&price=6429.0&productid=2416507&sid=9701&type=offer,2416507,18459, 
"Luft/Wasser-Wärmepumpe / Nennwärmeleistung: 6,7 kW / Leistungszahl (COP): 4,7 / Energie-Effizienzklasse Raumheizung bei 35°C: A / verwendbar für: Heizungswasser / Serie: Dimplex LA / Energieträger: Luftwärme, Elektrizität / maximale Vorlauftemperatur: 60 °C / Temperatur-Obergrenze: 35 °C / ...","Dimplex LA 6TU (6,7 kW)",5735.0," Dimplex LA 6TU (6,7 kW)","11,9",9701,/preisvergleich/Relocate/415873357.html?categoryId=18459&pos=1&price=5735.0&productid=3030609&sid=9701&type=offer,3030609,18459, 
"Luft/Wasser-Wärmepumpe / Nennwärmeleistung: 13,8 kW / Leistungszahl (COP): 3,7 / Energie-Effizienzklasse Raumheizung bei 35°C: A / verwendbar für: Heizungswasser / Serie: Buderus Logatherm / Energieträger: Luftwärme, Elektrizität / maximale Vorlauftemperatur: 60 °C / Temperatur-Obergrenze: 35 °C / ...","Buderus Logatherm WPL 14 A (13,8 kW)",13173.4," Buderus Logatherm WPL 14 A (13,8 kW)","5,6",276812,/preisvergleich/Relocate/478136737.html?categoryId=18459&pos=6&price=13173.4&productid=3583114&sid=276812&type=offer,3583114,18459, Bu­de­rus Lo­ga­therm WPL 14 AR TS
"Luft/Wasser-Wärmepumpe, Split-Wärmepumpe / Nennwärmeleistung: 6,9 kW / Leistungszahl (COP): 3,12 / Energie-Effizienzklasse Raumheizung bei 35°C: D / verwendbar für: Heizungswasser, Kühlwasser / Serie: Weisshaupt WWP / Energieträger: Luftwärme, Elektrizität / maximale Vorlauftemperatur: 60 °C / ...","Weishaupt WWP L 11 AERS (6,9 kW)",7400.0," Weishaupt WWP L 11 AERS (6,9 kW)","10,2",9701,/preisvergleich/Relocate/435639040.html?categoryId=18459&pos=2&price=7400.0&productid=3828623&sid=9701&type=offer,3828623,18459, 
"Luft/Wasser-Wärmepumpe / Nennwärmeleistung: 10,2 kW / Leistungszahl (COP): 4,7 / Energie-Effizienzklasse Raumheizung bei 35°C: A / verwendbar für: Heizungswasser / Serie: Dimplex LA / Energieträger: Luftwärme, Elektrizität / maximale Vorlauftemperatur: 58 °C / Temperatur-Obergrenze: 35 °C / ...","Dimplex LA 9TU (10,2 kW)",7252.34," Dimplex LA 9TU (10,2 kW)","26,5",299105,/preisvergleich/Relocate/526927031.html?categoryId=18459&pos=2&price=7252.34&productid=2416507&sid=299105&type=offer,2416507,18459, Dim­plex Hoch­ef­fi­zi­enz Luft/Was­ser-Wär­me­pum­pe für uni­ver­sel­le Au­ßen­auf­stel­lung 358520_DX
"Luft/Wasser-Wärmepumpe / Nennwärmeleistung: 6,7 kW / Leistungszahl (COP): 4,7 / Energie-Effizienzklasse Raumheizung bei 35°C: A / verwendbar für: Heizungswasser / Serie: Dimplex LA / Energieträger: Luftwärme, Elektrizität / maximale Vorlauftemperatur: 60 °C / Temperatur-Obergrenze: 35 °C / ...","Dimplex LA 6TU (6,7 kW)",6022.59," Dimplex LA 6TU (6,7 kW)","11,9",297223,/preisvergleich/Relocate/436141058.html?categoryId=18459&pos=2&price=6022.59&productid=3030609&sid=297223&type=offer,3030609,18459, DIM­PLEX 364050 LA 6TU Hoch­ef­fi­zi­enz Luft/Was­ser-Wär­me­pum­pe für wand­na­he Auf­stel­lung
"Luft/Wasser-Wärmepumpe / Leistungszahl (COP): 3,4 / Energie-Effizienzklasse Raumheizung bei 35°C: C / verwendbar für: Heizungswasser / Energieträger: Luftwärme, Elektrizität / maximale Vorlauftemperatur: 60 °C / Wasserinhalt im Kessel: 290 Liter / Temperatur-Untergrenze: 15 °C / ...",Dimplex LWP 300W,2776.37, Dimplex LWP 300W,"6,9",297223,/preisvergleich/Relocate/436147724.html?categoryId=18459&pos=1&price=2776.37&productid=2416494&sid=297223&type=offer,2416494,18459, DIM­PLEX 352220 LWP300W Lüf­tungs­ge­rät mit Warm­was­ser-Wär­me­pum­pe
"Luft/Wasser-Wärmepumpe, Split-Wärmepumpe, Inverter-Wärmepumpe / Nennwärmeleistung: 7,57 kW / Leistungszahl (COP): 3,79 / Energie-Effizienzklasse Raumheizung bei 35°C: A / verwendbar für: Heizungswasser, Trinkwasser / Serie: Viessmann Vitocal / Energieträger: Luftwärme, Elektrizität / maximale ...","Viessmann Vitocal 200-S AWB201.C10 (7,57 kW)",7337.99," Viessmann Vitocal 200-S AWB201.C10 (7,57 kW)","7,57",276812,/preisvergleich/Relocate/496854577.html?categoryId=18459&pos=1&price=7337.99&productid=4646919&sid=276812&type=offer,4646919,18459, Paket Vi­to­cal 200-S Split Luft/Was­ser-Wär­me­pu­me
"Inverter-Wärmepumpe, Luft/Wasser-Wärmepumpe / Nennwärmeleistung: 16 kW / Leistungszahl (COP): 3,25 / Energie-Effizienzklasse Raumheizung bei 35°C: C / verwendbar für: Heizu