title,price,sid,linkwithprice,desc,categoryId,productid,
Viessmann Vitodens 222-W (13 kW),2857.6,9701,/preisvergleich/Relocate/475430102.html?categoryId=18406&pos=1&price=2857.6&productid=4677123&sid=9701&type=offer, ,18406,4677123,
Viessmann Vitodens 222-W (13 kW),2885.8,294528,/preisvergleich/Relocate/559969174.html?categoryId=18406&pos=2&price=2885.8&productid=4677123&sid=294528&type=offer," ViÂ­toÂ­dens 222-W 13 kW mit ViÂ­toÂ­troÂ­nic 100 HC1B, hochÂ­efÂ­fiÂ­ziÂ­ent",18406,4677123,
Viessmann Vitodens 222-W (13 kW),2934.94,9701,/preisvergleich/Relocate/513493664.html?categoryId=18406&pos=3&price=2934.94&productid=4677123&sid=9701&type=offer, ,18406,4677123,
Viessmann Vitodens 222-W (13 kW),3008.99,276812,/preisvergleich/Relocate/513353429.html?categoryId=18406&pos=4&price=3008.99&productid=4677123&sid=276812&type=offer," ViessÂ­mann ViÂ­toÂ­dens 222-W mit ViÂ­toÂ­troÂ­nic 100 3,2 - 13,0 kW",18406,4677123,
Viessmann Vitodens 222-W (13 kW),3232.99,276812,/preisvergleich/Relocate/513353126.html?categoryId=18406&pos=5&price=3232.99&productid=4677123&sid=276812&type=offer," ViessÂ­mann ViÂ­toÂ­dens 222-W mit ViÂ­toÂ­troÂ­nic 200 3,2 - 13,0 kW",18406,4677123,
Viessmann Vitodens 222-W (13 kW),3454.99,276812,/preisvergleich/Relocate/513353032.html?categoryId=18406&pos=6&price=3454.99&productid=4677123&sid=276812&type=offer," ViÂ­toÂ­troÂ­nic 200 HO1B, MonÂ­taÂ­geÂ­hilÂ­fe AP",18406,4677123,
,,,,,,,
,,,,,,,
,,,,,,,
,title,price,sid,linkwithprice,desc,categoryId,productid
,Viessmann Vitodens 222-W (13 kW),2857.6,9701,/preisvergleich/Relocate/475430102.html?categoryId=18406&pos=1&price=2857.6&productid=4677123&sid=9701&type=offer, ,18406,4677123
,Viessmann Vitodens 222-W (13 kW),2885.8,294528,/preisvergleich/Relocate/559969174.html?categoryId=18406&pos=2&price=2885.8&productid=4677123&sid=294528&type=offer," Vi­to­dens 222-W 13 kW mit Vi­to­tro­nic 100 HC1B, hoch­ef­fi­zi­ent",18406,4677123
,Viessmann Vitodens 222-W (13 kW),2934.94,9701,/preisvergleich/Relocate/513493664.html?categoryId=18406&pos=3&price=2934.94&productid=4677123&sid=9701&type=offer, ,18406,4677123
,Viessmann Vitodens 222-W (13 kW),3008.99,276812,/preisvergleich/Relocate/513353429.html?categoryId=18406&pos=4&price=3008.99&productid=4677123&sid=276812&type=offer," Viess­mann Vi­to­dens 222-W mit Vi­to­tro­nic 100 3,2 - 13,0 kW",18406,4677123
,Viessmann Vitodens 222-W (13 kW),3232.99,276812,/preisvergleich/Relocate/513353126.html?categoryId=18406&pos=5&price=3232.99&productid=4677123&sid=276812&type=offer," Viess­mann Vi­to­dens 222-W mit Vi­to­tro­nic 200 3,2 - 13,0 kW",18406,4677123
,Viessmann Vitodens 222-W (13 kW),3454.99,276812,/preisvergleich/Relocate/513353032.html?categoryId=18406&pos=6&price=3454.99&productid=4677123&sid=276812&type=offer," Vi­to­tro­nic 200 HO1B, Mon­ta­ge­hil­fe AP",18406,4677123
